3;0;net_6411;net_6870;net_7337;net_10001;net_10839;net_11494;net_17710;net_18590
17;0;net_917;net_1146;net_1522;net_3241;net_8783;net_13525;net_14321;net_19564
19;0;net_0;net_305;net_6444;net_6555;net_7707;net_11930;net_15701;net_16764
67;0;net_1230;net_2200;net_5921;net_7971;net_8552;net_10687;net_12518;net_14485
69;0;net_149;net_206;net_1135;net_3211;net_4051;net_11868;net_14509;net_14891
71;0;net_712;net_1294;net_3706;net_8937;net_9425;net_13195;net_15737;net_17183
139;0;net_0;net_1278;net_1470;net_5443;net_5613;net_11757;net_13349;net_20255
94;0;net_654;net_3597;net_4188;net_7416;net_15292;net_15464;net_16181;net_20009
95;0;net_1;net_127;net_542;net_594;net_6052;net_7291;net_10586;net_12014
117;0;net_0;net_1958;net_3770;net_6417;net_8235;net_11652;net_14713;net_18939
96;0;net_1460;net_4501;net_7034;net_9810;net_10578;net_13802;net_16045;net_18095
112;0;net_652;net_5975;net_6770;net_8836;net_10831;net_18459;net_18882;net_19355
147;0;net_217;net_361;net_537;net_1242;net_4895;net_10685;net_13823;net_19425
162;0;net_261;net_1890;net_4070;net_7406;net_11696;net_12840;net_14098;net_16363
155;0;net_2433;net_6039;net_8261;net_8768;net_11715;net_12749;net_14293;net_15329
157;0;net_5595;net_6611;net_6727;net_9316;net_11484;net_12681;net_15886;net_16373
192;0;net_115;net_1061;net_4068;net_4201;net_8943;net_11616;net_12217;net_20265
204;0;net_879;net_3014;net_7498;net_7723;net_9941;net_11519;net_15885;net_16889
199;0;net_151;net_5514;net_6399;net_7240;net_11789;net_13580;net_16568;net_18201
182;0;net_309;net_8148;net_9636;net_10147;net_11069;net_12653;net_15128;net_17954
216;0;net_1;net_1359;net_1708;net_4381;net_8178;net_11326;net_13799;net_20440
245;0;net_504;net_1156;net_4658;net_5076;net_6377;net_11570;net_11604;net_14655
288;0;net_0;net_726;net_4270;net_4958;net_9091;net_11937;net_13990;net_19437
273;0;net_3560;net_3800;net_4087;net_4187;net_10597;net_10932;net_17486;net_18267
296;0;net_1070;net_1731;net_3445;net_3964;net_6881;net_17946;net_18590;net_18609
353;0;net_873;net_1927;net_6729;net_9398;net_10287;net_10350;net_18179;net_19411
410;0;net_2478;net_3752;net_3869;net_6023;net_11792;net_12972;net_13952;net_17002
449;0;net_1586;net_3366;net_3393;net_7281;net_12832;net_13510;net_16021;net_18303
492;0;net_255;net_956;net_3883;net_9684;net_10218;net_18151;net_18293;net_20257
474;0;net_1;net_5708;net_6369;net_8452;net_9964;net_12335;net_13890;net_19041
500;0;net_1;net_147;net_7960;net_9283;net_10219;net_14896;net_15481;net_20220
620;0;net_1219;net_5992;net_6190;net_8799;net_15731;net_16227;net_17160;net_18040
556;0;net_0;net_1;net_1379;net_1468;net_1586;net_6317;net_10545;net_14436
574;0;net_0;net_5003;net_5371;net_5821;net_9065;net_11046;net_14869;net_18460
584;0;net_2500;net_4024;net_4320;net_7190;net_10815;net_13456;net_15938;net_18112
586;0;net_983;net_7855;net_9059;net_9505;net_9796;net_10556;net_15863;net_19904
610;0;net_1566;net_5788;net_6480;net_9147;net_10347;net_14443;net_17260;net_19292
619;0;net_795;net_4956;net_5634;net_6205;net_8433;net_13441;net_14897;net_15572
618;0;net_1;net_464;net_931;net_1204;net_5015;net_5705;net_13358;net_14743
630;0;net_4954;net_7816;net_9355;net_10078;net_11083;net_16340;net_20008;net_20221
666;0;net_2624;net_6609;net_6862;net_7731;net_11379;net_14537;net_15673;net_20393
640;0;net_2502;net_3857;net_9240;net_9280;net_15055;net_16772;net_17621;net_18402
673;0;net_98;net_339;net_2595;net_2633;net_3386;net_8560;net_15591;net_17947
739;0;net_3664;net_8488;net_8620;net_10079;net_11293;net_15426;net_15714;net_16660
752;0;net_2238;net_6418;net_6597;net_8256;net_18107;net_18718;net_19183;net_20211
754;0;net_2076;net_3839;net_8056;net_10007;net_16516;net_16827;net_16903;net_18898
726;0;net_1;net_6215;net_7953;net_8656;net_9439;net_17071;net_18088;net_20085
775;0;net_4572;net_5220;net_7878;net_10109;net_12191;net_13748;net_18444;net_19668
805;0;net_871;net_1888;net_2792;net_4315;net_8138;net_13245;net_15460;net_20064
875;0;net_0;net_468;net_1147;net_2425;net_5190;net_5881;net_15109;net_15675
887;0;net_2845;net_5533;net_8069;net_8517;net_12702;net_14232;net_14940;net_19703
894;0;net_3262;net_5661;net_5887;net_7070;net_12245;net_15559;net_17459;net_18382
898;0;net_5249;net_6830;net_7221;net_9521;net_11651;net_11822;net_17606;net_18583
911;0;net_2451;net_3508;net_4232;net_8268;net_13202;net_13338;net_16060;net_17443
986;0;net_27;net_208;net_4870;net_7294;net_17566;net_18507;net_18825;net_19952
991;0;net_0;net_1;net_143;net_242;net_4217;net_8547;net_14461;net_16356
1006;0;net_0;net_972;net_1907;net_4105;net_10472;net_12798;net_14406;net_14749
1007;0;net_3615;net_5443;net_8515;net_10172;net_12361;net_14519;net_14678;net_20364
1028;0;net_2110;net_4191;net_7110;net_8114;net_15263;net_15277;net_18388;net_19035
1032;0;net_4180;net_5121;net_5145;net_8559;net_11694;net_16151;net_16773;net_17723
1045;0;net_6907;net_7818;net_9302;net_9620;net_10535;net_10956;net_13764;net_17644
1049;0;net_1560;net_5704;net_8770;net_9726;net_12485;net_13547;net_16962;net_18653
1090;0;net_1;net_6307;net_6387;net_9838;net_15611;net_18191;net_18743;net_19750
1062;0;net_679;net_1778;net_3194;net_7948;net_12096;net_14807;net_17249;net_18740
1069;0;net_1;net_5831;net_7279;net_9026;net_10013;net_11671;net_15055;net_18923
1078;0;net_1463;net_5148;net_8378;net_10258;net_13337;net_14898;net_18552;net_18806
1120;0;net_210;net_3334;net_4928;net_5501;net_15236;net_15935;net_16924;net_17852
1144;0;net_1;net_914;net_3731;net_7268;net_7298;net_12249;net_14328;net_17661
1160;0;net_780;net_996;net_3877;net_4611;net_10113;net_11262;net_17747;net_18610
1205;0;net_3010;net_5579;net_5598;net_7268;net_12602;net_13195;net_15307;net_16458
1216;0;net_39;net_968;net_3584;net_5257;net_7968;net_15368;net_17015;net_19030
1239;0;net_863;net_4049;net_5127;net_9287;net_11464;net_14199;net_15668;net_19030
1254;0;net_479;net_758;net_2165;net_4198;net_13774;net_13863;net_14227;net_14236
1284;0;net_0;net_4224;net_5083;net_7078;net_10048;net_12114;net_13566;net_15761
1346;0;net_3765;net_5602;net_6850;net_9955;net_11231;net_13260;net_14252;net_18068
1318;0;net_0;net_5000;net_5287;net_8523;net_9026;net_13229;net_16175;net_17328
1332;0;net_112;net_4403;net_6079;net_9381;net_10371;net_12658;net_13020;net_18304
1338;0;net_1219;net_4147;net_6502;net_7094;net_8276;net_11565;net_12773;net_20416
1350;0;net_1026;net_1088;net_5391;net_6797;net_10491;net_11418;net_18017;net_19829
1359;0;net_0;net_4738;net_7679;net_7758;net_9276;net_11018;net_11294;net_17660
9;0;net_532;net_3511;net_4705;net_13736;net_14364;net_17477;net_17615;
10;0;net_1104;net_1935;net_3581;net_7874;net_8425;net_10743;net_18583;
13;0;net_1066;net_3534;net_7902;net_9135;net_11608;net_13112;net_16182;
30;0;net_0;net_1253;net_1530;net_3529;net_3694;net_7189;net_13352;net_1046
86;0;net_805;net_2267;net_6213;net_10596;net_13540;net_13940;net_19181;
40;0;net_1;net_3125;net_6300;net_10887;net_11001;net_14861;net_20291;net_7337
50;0;net_359;net_7845;net_8185;net_8861;net_15997;net_17196;net_18513;
52;0;net_2264;net_4603;net_5262;net_5445;net_10549;net_11959;net_15256;
53;0;net_7;net_90;net_1553;net_8472;net_9493;net_10995;net_16711;
56;0;net_716;net_6390;net_8065;net_8136;net_14637;net_14895;net_17402;
83;0;net_4615;net_7083;net_7695;net_8140;net_10892;net_13983;net_17437;
84;0;net_0;net_310;net_4273;net_4572;net_5622;net_10549;net_12626;net_4149
90;0;net_454;net_1970;net_6315;net_10111;net_12080;net_14072;net_16163;
108;0;net_1088;net_2467;net_7954;net_7960;net_13163;net_13998;net_20178;
115;0;net_741;net_1586;net_4025;net_4544;net_9407;net_14813;net_17101;
124;0;net_5311;net_5753;net_6246;net_7341;net_14805;net_17639;net_19227;
140;0;net_197;net_5596;net_6148;net_9544;net_10476;net_15684;net_16514;
145;0;net_1;net_2376;net_3853;net_4673;net_5044;net_14516;net_16133;
146;0;net_0;net_1345;net_4171;net_8106;net_11162;net_13957;net_19490;net_851
166;0;net_1690;net_4351;net_7897;net_12887;net_14346;net_14496;net_17431;
194;0;net_2368;net_8355;net_8634;net_14116;net_17579;net_19117;net_20466;
198;0;net_1321;net_1887;net_5253;net_13085;net_15853;net_18503;net_20474;net_3634
200;0;net_2648;net_3819;net_5941;net_9240;net_18908;net_19016;net_19705;
210;0;net_1;net_69;net_1440;net_4980;net_18571;net_18654;net_18732;net_5320
217;0;net_499;net_935;net_1041;net_4407;net_9365;net_17659;net_20014;
224;0;net_0;net_228;net_3162;net_3713;net_12604;net_15220;net_16427;net_15864
226;0;net_0;net_1340;net_2224;net_4728;net_5650;net_14847;net_19352;
250;0;net_0;net_35;net_5167;net_7932;net_11140;net_11336;net_17911;net_7502
260;0;net_107;net_1155;net_3699;net_4740;net_7072;net_15711;net_16042;
261;0;net_601;net_4191;net_5077;net_7879;net_11868;net_15145;net_19558;
266;0;net_1052;net_1410;net_1757;net_8465;net_10495;net_17933;net_18009;
270;0;net_2442;net_5224;net_8025;net_10036;net_10493;net_13220;net_17528;
286;0;net_1305;net_1848;net_3782;net_15870;net_16555;net_17528;net_18496;
297;0;net_43;net_1739;net_3489;net_8120;net_8679;net_11821;net_12209;
303;0;net_316;net_4130;net_5876;net_8125;net_9652;net_12263;net_17540;
300;0;net_2420;net_7048;net_9313;net_12476;net_16245;net_17248;net_17428;
334;0;net_1544;net_4375;net_8653;net_8953;net_11200;net_15914;net_20514;
337;0;net_5001;net_7492;net_9295;net_10173;net_11796;net_19606;net_19890;net_12383
347;0;net_534;net_1249;net_2084;net_4442;net_10959;net_13968;net_20146;net_7163
358;0;net_4602;net_6151;net_9758;net_11614;net_13423;net_15808;net_18789;
361;0;net_1569;net_3190;net_9021;net_12189;net_13427;net_16616;net_19524;
407;0;net_2175;net_2372;net_5664;net_6083;net_10913;net_12209;net_19088;
388;0;net_2642;net_3540;net_5081;net_9665;net_12258;net_13091;net_14521;net_915
390;0;net_1149;net_5804;net_5987;net_6910;net_9434;net_11514;net_11711;
391;0;net_1;net_709;net_5245;net_5555;net_12352;net_17030;net_18549;
398;0;net_1181;net_7812;net_8421;net_11316;net_15418;net_17067;net_17308;
399;0;net_645;net_1844;net_3733;net_5580;net_10682;net_19085;net_19426;
401;0;net_49;net_1311;net_5968;net_6450;net_14802;net_18835;net_18965;
412;0;net_1;net_4498;net_6499;net_8613;net_10720;net_13586;net_18898;
413;0;net_0;net_143;net_634;net_2387;net_3560;net_3704;net_14492;
414;0;net_3984;net_6722;net_8482;net_11281;net_14732;net_17809;net_19498;
480;0;net_6147;net_7183;net_8166;net_10301;net_12121;net_14500;net_18394;
416;0;net_425;net_4160;net_7927;net_13338;net_14563;net_16766;net_18209;
428;0;net_1101;net_7196;net_8430;net_8666;net_10931;net_15852;net_18479;
434;0;net_2425;net_3888;net_7995;net_8096;net_11574;net_13462;net_18815;
435;0;net_2110;net_4512;net_6884;net_9408;net_12868;net_14934;net_17128;
446;0;net_0;net_4438;net_5026;net_11153;net_16078;net_20201;net_20360;
452;0;net_1;net_352;net_719;net_1329;net_8908;net_11811;net_19837;
455;0;net_452;net_1335;net_2153;net_8226;net_12327;net_14555;net_15413;
461;0;net_0;net_3635;net_4056;net_9107;net_12922;net_17887;net_18105;
470;0;net_5079;net_5866;net_6519;net_10092;net_11083;net_11692;net_14853;
484;0;net_3450;net_4446;net_7561;net_12656;net_15621;net_18136;net_19956;
489;0;net_1361;net_1822;net_5823;net_8515;net_15698;net_17089;net_17163;
498;0;net_1315;net_1639;net_4272;net_6474;net_13637;net_16554;net_18116;
469;0;net_1;net_3948;net_5536;net_7233;net_8094;net_18612;net_20299;
507;0;net_990;net_6289;net_6741;net_9061;net_16157;net_16669;net_19688;
515;0;net_387;net_4558;net_8020;net_8798;net_10584;net_15792;net_17696;
526;0;net_0;net_3531;net_7487;net_9820;net_14513;net_16988;net_19658;
530;0;net_0;net_1744;net_7908;net_8822;net_9789;net_13952;net_14296;
532;0;net_1;net_2134;net_5596;net_9651;net_12669;net_17011;net_17127;
540;0;net_0;net_3137;net_3149;net_3693;net_9341;net_12156;net_13491;
541;0;net_1119;net_6416;net_7025;net_8850;net_11048;net_14276;net_17911;
561;0;net_3540;net_7178;net_9485;net_11478;net_14550;net_18857;net_19622;
565;0;net_1818;net_2825;net_5923;net_8613;net_15332;net_16186;net_19457;
572;0;net_1;net_1776;net_6813;net_8088;net_10988;net_12170;net_20085;
576;0;net_1086;net_5718;net_8919;net_11057;net_11875;net_15482;net_16463;
583;0;net_8842;net_9140;net_9263;net_14804;net_18726;net_18959;net_19619;
588;0;net_2228;net_3139;net_4612;net_8838;net_10660;net_11730;net_17327;
535;0;net_1928;net_3911;net_8107;net_11473;net_11896;net_17288;net_20454;
590;0;net_251;net_4290;net_7352;net_8486;net_12743;net_16445;net_16711;
623;0;net_1121;net_3758;net_5081;net_5467;net_9098;net_14092;net_18662;
628;0;net_0;net_183;net_2389;net_3837;net_4983;net_8046;net_18665;
633;0;net_0;net_8394;net_8494;net_8949;net_16090;net_17123;net_17369;
649;0;net_387;net_3194;net_3574;net_4642;net_4834;net_13851;net_19806;
654;0;net_419;net_1177;net_4986;net_6201;net_14626;net_17462;net_20513;
671;0;net_1566;net_5977;net_7940;net_10171;net_12328;net_15708;net_20476;
680;0;net_568;net_1193;net_6531;net_7535;net_8235;net_13041;net_19414;
705;0;net_0;net_1;net_1845;net_3229;net_7407;net_14538;net_14578;
688;0;net_1783;net_2127;net_5672;net_9095;net_12513;net_16737;net_20476;
690;0;net_0;net_3862;net_3872;net_4701;net_10948;net_12151;net_14079;
704;0;net_171;net_244;net_4887;net_9099;net_14277;net_16558;net_16842;
694;0;net_5282;net_5722;net_7627;net_11721;net_14125;net_17470;net_20391;
729;0;net_4207;net_7742;net_8270;net_12970;net_13304;net_17327;net_18217;
732;0;net_48;net_1162;net_3145;net_6611;net_11113;net_16626;net_20224;
733;0;net_0;net_3166;net_5874;net_12716;net_12947;net_16361;net_20349;
751;0;net_3091;net_4614;net_6378;net_7359;net_10340;net_11532;net_11653;
755;0;net_0;net_2195;net_6973;net_8036;net_9447;net_14398;net_16368;
762;0;net_964;net_5708;net_7314;net_9882;net_11058;net_15269;net_19564;net_12266
765;0;net_5464;net_7612;net_7951;net_11082;net_14484;net_14515;net_15373;
768;0;net_317;net_3496;net_4907;net_7784;net_13775;net_15818;net_17182;
780;0;net_671;net_3388;net_4999;net_15094;net_15434;net_16749;net_19742;
790;0;net_3857;net_4830;net_9561;net_12461;net_16687;net_18435;net_19195;
810;0;net_955;net_1051;net_3707;net_3872;net_6808;net_7422;net_10365;
813;0;net_0;net_1;net_4687;net_9631;net_13094;net_16407;net_17856;
830;0;net_5343;net_6019;net_7626;net_8525;net_10581;net_15812;net_20502;
855;0;net_150;net_1288;net_3621;net_6558;net_13925;net_18403;net_19659;
868;0;net_0;net_5477;net_7795;net_8331;net_13013;net_14553;net_17800;
878;0;net_2263;net_6199;net_7347;net_8430;net_10808;net_15662;net_17168;
889;0;net_4663;net_6501;net_8075;net_9997;net_12290;net_14953;net_16108;
899;0;net_471;net_809;net_3578;net_3820;net_8413;net_19828;net_20548;
913;0;net_1;net_198;net_7003;net_8714;net_9763;net_10989;net_17252;
934;0;net_921;net_1313;net_7966;net_9599;net_9709;net_11781;net_16324;net_14362
945;0;net_3369;net_5432;net_10167;net_10880;net_11080;net_15493;net_16191;
954;0;net_132;net_321;net_1723;net_5502;net_8603;net_10471;net_19150;
958;0;net_1358;net_2148;net_4521;net_8591;net_11432;net_14101;net_20426;
979;0;net_955;net_3141;net_3408;net_5455;net_14380;net_16455;net_17557;
980;0;net_924;net_2236;net_3986;net_4052;net_10437;net_12958;net_13412;
988;0;net_1870;net_5180;net_6971;net_8426;net_11487;net_16697;net_17765;
1000;0;net_1117;net_4562;net_6255;net_9079;net_10681;net_14199;net_20272;
1010;0;net_0;net_8619;net_8958;net_9134;net_11134;net_16919;net_19104;
1015;0;net_371;net_848;net_1165;net_4383;net_8130;net_14091;net_18846;
1249;0;net_0;net_1063;net_8626;net_9663;net_14982;net_15007;net_18638;
1034;0;net_1961;net_7023;net_7926;net_9753;net_15493;net_16939;net_19625;
1048;0;net_1373;net_4408;net_4533;net_10292;net_13097;net_18156;net_20181;
1052;0;net_8377;net_9331;net_9611;net_10707;net_15899;net_17686;net_19810;
1060;0;net_1428;net_3962;net_7430;net_11761;net_11958;net_14355;net_15072;
1064;0;net_667;net_6913;net_7483;net_7926;net_11087;net_11223;net_19726;
1070;0;net_3250;net_5802;net_6454;net_13558;net_13904;net_19641;net_19717;
1071;0;net_1206;net_5756;net_6770;net_9226;net_12991;net_13320;net_13497;
1068;0;net_879;net_2234;net_6382;net_6428;net_11269;net_12867;net_16226;
1086;0;net_1;net_2166;net_3698;net_4370;net_8087;net_14363;net_14699;
1098;0;net_1219;net_3508;net_5579;net_8169;net_8570;net_14408;net_19331;
1107;0;net_911;net_5813;net_6396;net_7507;net_12123;net_12363;net_19953;
1121;0;net_54;net_1023;net_10024;net_10081;net_10093;net_13280;net_17555;
1112;0;net_0;net_1162;net_1868;net_5623;net_8539;net_18190;net_19176;
1115;0;net_762;net_2188;net_4907;net_6509;net_12282;net_14805;net_16783;
1131;0;net_1;net_2567;net_2625;net_4773;net_7171;net_13842;net_14494;
1123;0;net_2391;net_2832;net_4731;net_10087;net_12140;net_14184;net_19022;
1127;0;net_0;net_629;net_2580;net_3259;net_8141;net_16024;net_18466;
1149;0;net_1;net_6902;net_7913;net_8438;net_14225;net_18502;net_18548;
1186;0;net_3876;net_7431;net_8323;net_8565;net_13306;net_15111;net_15373;
1177;0;net_992;net_2215;net_3884;net_7621;net_9802;net_12234;net_15299;
1192;0;net_1077;net_2077;net_9638;net_13655;net_15106;net_15900;net_19769;
1207;0;net_334;net_6091;net_9762;net_12753;net_13670;net_14622;net_20350;
1200;0;net_0;net_3699;net_6200;net_6269;net_10480;net_11326;net_15200;
1281;0;net_329;net_2827;net_8119;net_12193;net_13812;net_14975;net_18087;
1231;0;net_615;net_1126;net_4877;net_6493;net_13555;net_14874;net_16162;
1248;0;net_461;net_3482;net_7874;net_8364;net_13939;net_18600;net_19030;
1253;0;net_3426;net_5117;net_8184;net_11943;net_13050;net_19109;net_20226;net_6836
1257;0;net_0;net_4523;net_5307;net_8411;net_8736;net_16885;net_17455;
1262;0;net_5440;net_9967;net_10090;net_10857;net_16201;net_19417;net_19686;
1238;0;net_118;net_2447;net_4981;net_5506;net_11835;net_16729;net_17325;
1295;0;net_0;net_1297;net_8859;net_9870;net_11592;net_19543;net_20075;
1296;0;net_0;net_5755;net_10101;net_10538;net_14002;net_18592;net_19852;
1306;0;net_8;net_748;net_4314;net_4487;net_6222;net_11000;net_15518;
1308;0;net_250;net_1203;net_5680;net_8507;net_13910;net_14270;net_19922;
1310;0;net_181;net_2601;net_8555;net_13935;net_14471;net_16054;net_19304;
1313;0;net_141;net_329;net_3356;net_5837;net_10650;net_14816;net_19780;
1315;0;net_104;net_584;net_1213;net_2306;net_2917;net_5226;net_19294;
1316;0;net_5344;net_6626;net_8482;net_12705;net_14978;net_17501;net_18972;net_2253
1357;0;net_0;net_5241;net_8551;net_13475;net_14443;net_15225;net_19454;
22;0;net_2679;net_3412;net_6382;net_8513;net_16416;net_17921;net_22;net_15004
4;0;net_188;net_1191;net_7970;net_8517;net_9972;net_11057;net_9467;net_20067
33;0;net_0;net_2318;net_3535;net_7280;net_8347;net_10469;net_13260;net_13717
24;0;net_369;net_617;net_671;net_6515;net_8872;net_15928;net_2319;net_16449
26;0;net_1237;net_3688;net_5775;net_6973;net_12894;net_16916;net_391;net_19420
27;0;net_77;net_3636;net_4784;net_6973;net_11446;net_20164;net_6401;net_12519
28;0;net_1;net_576;net_6748;net_9550;net_16141;net_18466;net_2326;net_13471
44;0;net_9121;net_10185;net_10778;net_12099;net_14248;net_18386;net_424;net_3330
47;0;net_4879;net_6080;net_8751;net_14017;net_15711;net_19738;net_637;net_8811
66;0;net_5847;net_7364;net_9038;net_12876;net_17649;net_18390;net_7185;net_14829
68;0;net_132;net_141;net_5820;net_7048;net_8762;net_18207;net_9976;net_17065
77;0;net_0;net_187;net_3481;net_3586;net_8672;net_18397;net_7541;net_14277
80;0;net_0;net_9439;net_10242;net_11097;net_11496;net_20198;net_2875;net_18482
91;0;net_0;net_4617;net_5817;net_10820;net_15670;net_17741;net_992;net_4229
93;0;net_4160;net_5051;net_5352;net_9783;net_12988;net_16462;net_443;net_1244
107;0;net_770;net_2594;net_3407;net_12059;net_15408;net_15826;net_6885;net_10809
100;0;net_635;net_1048;net_3022;net_3912;net_8061;net_10370;net_982;net_18670
102;0;net_308;net_478;net_4508;net_6555;net_13656;net_16570;net_6093;net_11000
105;0;net_318;net_5108;net_6924;net_9235;net_11634;net_15944;net_4351;net_11540
116;0;net_1777;net_9948;net_16342;net_17762;net_18488;net_19974;net_373;
121;0;net_1;net_662;net_8905;net_11412;net_13724;net_19837;net_1247;net_8384
122;0;net_879;net_914;net_3472;net_9873;net_10516;net_20095;net_5363;net_16321
136;0;net_1192;net_3152;net_5652;net_12014;net_14460;net_17408;net_3117;net_19480
138;0;net_5244;net_5464;net_8959;net_10125;net_13764;net_14193;;
150;0;net_1;net_5517;net_6268;net_9505;net_11667;net_13845;net_3268;net_13546
142;0;net_1;net_194;net_239;net_5844;net_9281;net_11667;net_8342;net_15250
148;0;net_366;net_3658;net_4295;net_11500;net_14789;net_16654;net_9373;net_18059
128;0;net_0;net_4049;net_5131;net_15943;net_16084;net_19007;net_9170;net_10773
54;0;net_1213;net_2141;net_4126;net_9491;net_11524;net_16608;net_5198;net_12210
172;0;net_793;net_7424;net_10583;net_10929;net_18283;net_18868;net_22;net_10034
174;0;net_3871;net_4103;net_6002;net_8520;net_16563;net_19014;;
203;0;net_920;net_3872;net_4283;net_5862;net_11369;net_18585;;
184;0;net_6051;net_7272;net_9842;net_12633;net_13616;net_18720;net_2715;net_16715
207;0;net_692;net_1062;net_2680;net_5993;net_7733;net_19614;;
211;0;net_5034;net_6344;net_7353;net_9379;net_10609;net_14542;;
236;0;net_1;net_2115;net_8438;net_12101;net_15864;net_18466;net_1088;net_6844
219;0;net_4105;net_6228;net_13844;net_15536;net_15584;net_16169;net_771;net_7882
220;0;net_0;net_1585;net_5907;net_6355;net_18359;net_20401;net_14215;net_18670
223;0;net_255;net_2133;net_9067;net_11834;net_16754;net_17256;net_754;net_3503
228;0;net_4337;net_5932;net_8032;net_13886;net_16184;net_20562;net_827;net_17426
243;0;net_5673;net_8758;net_9033;net_12885;net_15689;net_17768;net_4037;net_10813
254;0;net_2198;net_2221;net_6265;net_15564;net_17860;net_19757;net_8275;net_13505
262;0;net_5798;net_5883;net_10068;net_11982;net_20087;net_20316;net_1955;net_15075
263;0;net_1405;net_5207;net_6862;net_7013;net_16162;net_18679;;
278;0;net_1247;net_8891;net_13396;net_14826;net_15036;net_18637;net_674;net_6173
272;0;net_4529;net_4618;net_5913;net_13798;net_14191;net_14949;net_6679;net_19798
274;0;net_4255;net_6827;net_9362;net_13924;net_14749;net_16645;net_2555;net_12047
276;0;net_1;net_1260;net_1754;net_1846;net_8092;net_10804;net_2907;net_20480
277;0;net_4726;net_8090;net_11575;net_12593;net_14679;net_15989;;
267;0;net_371;net_3008;net_4411;net_7204;net_11875;net_15227;net_7872;net_19599
302;0;net_2896;net_7904;net_8609;net_9659;net_15080;net_18167;;
315;0;net_2596;net_4294;net_10061;net_12244;net_19353;net_19931;net_3207;net_14245
317;0;net_9246;net_9649;net_10490;net_14814;net_17773;net_19186;;
320;0;net_7960;net_9506;net_11316;net_11342;net_16623;net_20452;;
332;0;net_0;net_1;net_316;net_885;net_1770;net_14052;net_403;net_14764
336;0;net_594;net_6986;net_11387;net_12304;net_13779;net_15740;;
341;0;net_4475;net_5257;net_6256;net_8080;net_13563;net_14622;;
350;0;net_605;net_2378;net_5004;net_11019;net_17086;net_17724;net_4462;net_11864
356;0;net_706;net_1205;net_5429;net_10471;net_15674;net_18820;;
352;0;net_3754;net_4721;net_5658;net_16326;net_16933;net_17688;net_6374;net_19702
366;0;net_610;net_1359;net_6903;net_8434;net_11322;net_19716;net_4209;net_16389
427;0;net_1;net_652;net_882;net_11347;net_12103;net_16457;;
378;0;net_462;net_475;net_1100;net_4908;net_13489;net_14036;;
393;0;net_4657;net_5323;net_5404;net_15684;net_19512;net_20508;net_6266;net_20087
409;0;net_0;net_2451;net_8834;net_13975;net_15161;net_16542;net_1305;net_1386
411;0;net_2418;net_4009;net_8567;net_9790;net_18920;net_20348;;
425;0;net_2419;net_5023;net_11580;net_14992;net_15842;net_17276;;
426;0;net_0;net_630;net_4146;net_5053;net_8115;net_15555;net_6652;net_17242
438;0;net_227;net_532;net_1821;net_2922;net_9048;net_17390;;
432;0;net_0;net_4546;net_7517;net_9344;net_9451;net_12015;;
441;0;net_30;net_854;net_3753;net_5814;net_12321;net_18616;;
443;0;net_4434;net_4991;net_14428;net_17364;net_17753;net_18629;;
444;0;net_1;net_73;net_906;net_7133;net_8049;net_11411;;
447;0;net_0;net_7660;net_10241;net_11403;net_16518;net_18044;net_1874;net_16995
437;0;net_0;net_4254;net_7655;net_9513;net_12618;net_14570;net_5774;net_14624
459;0;net_1549;net_2392;net_2855;net_8960;net_19050;net_19433;;
451;0;net_1910;net_2410;net_2983;net_14784;net_15393;net_16892;net_4392;net_14269
464;0;net_1857;net_5659;net_6326;net_14565;net_18362;net_19068;net_6692;net_13421
471;0;net_1480;net_2104;net_9194;net_15426;net_16884;net_17066;net_150;net_15543
491;0;net_521;net_1910;net_2782;net_14432;net_18290;net_20333;net_7920;net_10369
485;0;net_1;net_755;net_1573;net_11727;net_19195;net_20319;net_8118;net_14487
487;0;net_5896;net_6297;net_6993;net_12759;net_13346;net_20130;net_9813;net_12745
490;0;net_2993;net_7839;net_10076;net_12684;net_15911;net_20341;net_3764;net_17088
493;0;net_0;net_4091;net_7018;net_17572;net_18383;net_18615;net_245;net_6491
495;0;net_1;net_633;net_2085;net_4368;net_10875;net_16025;net_8625;net_14192
505;0;net_4232;net_4390;net_5452;net_8132;net_19038;net_19676;;
508;0;net_467;net_1109;net_4132;net_8497;net_16111;net_18248;net_5516;net_15221
524;0;net_3667;net_5098;net_7140;net_11137;net_13143;net_16891;net_5978;net_19941
528;0;net_947;net_2938;net_3635;net_6234;net_9403;net_13708;;
523;0;net_814;net_863;net_2667;net_7521;net_12430;net_14234;;
598;0;net_3515;net_4147;net_4701;net_4861;net_11830;net_20071;;
578;0;net_0;net_181;net_2786;net_3438;net_4901;net_5547;;
552;0;net_3894;net_6842;net_8504;net_9643;net_11761;net_15832;;
553;0;net_3066;net_4716;net_5900;net_7827;net_16290;net_18884;;
554;0;net_813;net_870;net_3510;net_5407;net_12923;net_17831;net_5300;net_17245
557;0;net_2479;net_6136;net_8190;net_9630;net_12473;net_14050;;
575;0;net_1531;net_7742;net_13952;net_16768;net_17315;net_20273;;
580;0;net_5482;net_5688;net_8936;net_10203;net_13571;net_15168;;
581;0;net_1;net_956;net_4933;net_5198;net_7071;net_8768;;
585;0;net_1199;net_3438;net_9731;net_11238;net_14644;net_17682;;
594;0;net_631;net_4796;net_16250;net_16834;net_17555;net_18280;;
595;0;net_3595;net_8787;net_10300;net_10643;net_13604;net_17827;;
600;0;net_0;net_35;net_2373;net_3247;net_4485;net_20397;net_8823;net_13940
605;0;net_1240;net_5295;net_9533;net_14592;net_14597;net_20168;;
606;0;net_109;net_1036;net_5741;net_14547;net_15087;net_18572;;
599;0;net_664;net_2891;net_4660;net_6146;net_11357;net_12033;;
613;0;net_4062;net_6973;net_9302;net_9873;net_10577;net_18462;;
663;0;net_2186;net_5515;net_6063;net_9333;net_12797;net_15374;net_164;
631;0;net_472;net_1372;net_5940;net_17681;net_17857;net_19488;;
512;0;net_3325;net_6283;net_13371;net_13872;net_14554;net_18365;;
632;0;net_1;net_429;net_2643;net_8871;net_10343;net_16486;net_6497;net_11762
635;0;net_1555;net_3265;net_11350;net_16457;net_17956;net_17964;;
637;0;net_6803;net_8030;net_8145;net_8501;net_12105;net_20148;;
659;0;net_5009;net_8345;net_10764;net_12156;net_13771;net_16502;;
669;0;net_0;net_656;net_4147;net_5112;net_13216;net_15568;net_487;net_15810
674;0;net_0;net_30;net_164;net_353;net_1853;net_5265;net_2168;net_19056
676;0;net_1399;net_2707;net_17306;net_17379;net_19423;net_20432;;
679;0;net_0;net_921;net_2931;net_8256;net_10559;net_15342;net_8164;net_8429
682;0;net_1198;net_8918;net_12112;net_12527;net_14383;net_15822;;
684;0;net_3146;net_6893;net_9093;net_15075;net_15208;net_15402;net_3570;net_10846
685;0;net_345;net_1034;net_3333;net_5374;net_14404;net_20339;net_940;net_2324
686;0;net_2358;net_6409;net_7800;net_9452;net_14709;net_19635;;
693;0;net_1811;net_2180;net_5889;net_6855;net_15043;net_18901;;
699;0;net_573;net_8452;net_9285;net_9449;net_16247;net_19926;;
701;0;net_6327;net_10230;net_10915;net_13452;net_14528;net_20534;;
702;0;net_116;net_233;net_3225;net_7969;net_9603;net_15111;net_8047;net_18471
709;0;net_543;net_4585;net_8196;net_9862;net_10916;net_16957;;
711;0;net_12;net_868;net_4713;net_10437;net_11363;net_20365;net_9550;net_17328
719;0;net_2314;net_5493;net_12445;net_15330;net_15475;net_17263;;
734;0;net_0;net_3939;net_4990;net_11171;net_13411;net_18559;net_9451;net_9651
758;0;net_3891;net_4029;net_11271;net_11648;net_16250;net_19491;;
744;0;net_743;net_1277;net_5146;net_6356;net_15409;net_19745;net_5097;net_17489
759;0;net_2370;net_3100;net_6235;net_10664;net_11753;net_19112;net_5873;net_20437
749;0;net_1763;net_4735;net_12273;net_17652;net_18499;net_20182;;
757;0;net_3670;net_7616;net_9739;net_10489;net_13613;net_14341;net_4419;net_14546
760;0;net_0;net_4665;net_5741;net_14147;net_14493;net_17551;net_5846;net_6900
764;0;net_449;net_703;net_1295;net_4317;net_5377;net_18764;net_2246;net_17476
770;0;net_1026;net_1297;net_2784;net_6076;net_17955;net_18192;net_11946;net_16499
783;0;net_1;net_2638;net_9508;net_10513;net_18017;net_19225;net_821;net_8182
779;0;net_902;net_9163;net_16394;net_18411;net_18643;net_19409;;
794;0;net_0;net_291;net_771;net_6414;net_8518;net_20002;net_1612;net_2893
804;0;net_1473;net_2321;net_2445;net_9939;net_14050;net_14709;;
807;0;net_884;net_2856;net_3751;net_3829;net_10612;net_14158;;
817;0;net_0;net_49;net_4653;net_8091;net_8348;net_15038;;
820;0;net_129;net_215;net_3268;net_6457;net_10453;net_12247;net_64;net_8384
821;0;net_580;net_2480;net_3502;net_4378;net_6394;net_17689;;
833;0;net_0;net_131;net_822;net_1469;net_4705;net_6107;net_1055;net_11788
812;0;net_598;net_1402;net_4361;net_7760;net_14226;net_17631;net_9042;net_12788
835;0;net_296;net_955;net_1010;net_10950;net_16392;net_18601;net_71;net_12677
836;0;net_1117;net_2179;net_3267;net_6451;net_12907;net_14708;;
840;0;net_2716;net_5969;net_9805;net_10258;net_16243;net_18238;;
847;0;net_4899;net_4976;net_6901;net_7515;net_10994;net_20501;;
848;0;net_0;net_3459;net_4530;net_8211;net_8366;net_19225;;
849;0;net_7439;net_7686;net_8037;net_9412;net_14222;net_17336;;
876;0;net_725;net_4616;net_9855;net_11879;net_16242;net_16562;net_8524;net_19580
858;0;net_1;net_56;net_846;net_8417;net_9068;net_16974;net_280;net_15176
860;0;net_6553;net_8925;net_9596;net_11427;net_13237;net_15683;net_6684;net_16313
867;0;net_1728;net_4681;net_7675;net_9792;net_11823;net_14826;;
870;0;net_5445;net_7012;net_13485;net_13989;net_14540;net_16762;;
873;0;net_3269;net_7023;net_9439;net_9634;net_10498;net_12191;;
879;0;net_3175;net_9441;net_12615;net_13228;net_14174;net_16123;;
881;0;net_928;net_1592;net_10143;net_13294;net_16650;net_18131;net_9146;net_12426
882;0;net_8879;net_9152;net_14394;net_15322;net_17734;net_19478;;
884;0;net_2236;net_3134;net_3721;net_6655;net_14000;net_17088;;
892;0;net_598;net_838;net_1122;net_7763;net_10901;net_18247;;
896;0;net_998;net_4408;net_5670;net_10732;net_12012;net_14502;net_4111;net_12128
900;0;net_1357;net_1718;net_4618;net_8885;net_13838;net_15492;;
902;0;net_3753;net_5899;net_7609;net_12531;net_14403;net_17052;net_4752;net_16797
929;0;net_4425;net_5297;net_5747;net_7702;net_18012;net_19703;;
930;0;net_0;net_3964;net_5107;net_5155;net_8525;net_13574;;
920;0;net_307;net_631;net_2796;net_5250;net_9809;net_12824;net_10079;net_13008
921;0;net_210;net_4707;net_8021;net_8380;net_16106;net_19074;;
922;0;net_0;net_1;net_3858;net_9387;net_12637;net_20461;net_5737;net_6677
927;0;net_416;net_9260;net_9402;net_10242;net_13734;net_19120;net_7816;net_20211
928;0;net_5180;net_5313;net_7256;net_7993;net_11861;net_15961;;
937;0;net_1;net_8798;net_10169;net_12332;net_18071;net_20409;net_5456;net_17816
943;0;net_352;net_1598;net_1854;net_3496;net_3738;net_16640;;
948;0;net_0;net_1;net_207;net_4365;net_6409;net_12394;net_2087;net_17181
957;0;net_776;net_8708;net_8770;net_11444;net_11747;net_14004;;
973;0;net_4633;net_5230;net_7656;net_17523;net_18590;net_19730;net_697;net_16971
975;0;net_244;net_5918;net_7424;net_9753;net_12256;net_15537;;
981;0;net_6079;net_8070;net_8109;net_12869;net_15719;net_18014;net_9698;net_15602
985;0;net_1328;net_4089;net_4676;net_10859;net_11565;net_11664;net_6198;net_14798
990;0;net_3209;net_7514;net_9513;net_11663;net_12162;net_14170;net_5510;net_11256
996;0;net_4745;net_5553;net_5763;net_14672;net_16507;net_18827;net_3354;net_17151
1008;0;net_0;net_1048;net_2482;net_9816;net_15772;net_17611;net_16407;net_18555
982;0;net_2281;net_3133;net_4253;net_10008;net_11363;net_18287;;
1017;0;net_3239;net_3628;net_7373;net_7391;net_11384;net_13693;;
1018;0;net_3689;net_4540;net_5410;net_14980;net_17523;net_18626;;
1021;0;net_2433;net_9307;net_11642;net_13659;net_14105;net_17402;;
1023;0;net_419;net_2186;net_6517;net_9719;net_11317;net_19641;;
1036;0;net_2978;net_5397;net_7808;net_9466;net_15787;net_16300;;
1029;0;net_0;net_269;net_3810;net_8249;net_16784;net_16832;net_10233;net_19015
1040;0;net_4758;net_5038;net_11640;net_13574;net_15039;net_15960;;
1041;0;net_0;net_1416;net_11833;net_13221;net_13332;net_18818;;
1043;0;net_0;net_807;net_1116;net_6330;net_12509;net_19987;;
1035;0;net_719;net_2972;net_3731;net_12185;net_16417;net_18075;;
1047;0;net_6449;net_7989;net_12844;net_15474;net_16379;net_19200;;
1050;0;net_1099;net_3662;net_4435;net_13295;net_15782;net_19692;;
1054;0;net_6654;net_8705;net_9220;net_12059;net_14033;net_18393;;
1055;0;net_472;net_635;net_825;net_2183;net_5884;net_11832;net_9821;net_19308
1110;0;net_294;net_341;net_907;net_2873;net_14305;net_19551;;
1073;0;net_2099;net_6156;net_11113;net_12542;net_14626;net_15435;;
1076;0;net_3959;net_6983;net_13688;net_18358;net_18734;net_20450;;
1092;0;net_4462;net_8133;net_11294;net_11603;net_19705;net_20428;;
1096;0;net_1;net_395;net_9619;net_14807;net_16122;net_16990;;
1097;0;net_869;net_6462;net_7383;net_10411;net_17807;net_17933;;
1067;0;net_7648;net_8350;net_11993;net_19238;net_20269;net_20378;net_7339;net_8710
1163;0;net_1038;net_7019;net_9307;net_10797;net_16634;net_18320;;
1102;0;net_501;net_4980;net_6212;net_12509;net_14122;net_19322;;
1108;0;net_1;net_4950;net_6043;net_7853;net_10889;net_17564;;
1109;0;net_3811;net_8038;net_12417;net_13279;net_15007;net_19795;;
1113;0;net_1757;net_3882;net_5759;net_17060;net_17877;net_20084;;
1134;0;net_1054;net_3860;net_6950;net_7267;net_14322;net_15933;;
1140;0;net_1;net_4736;net_7515;net_12179;net_16265;net_16363;;
1143;0;net_0;net_3231;net_6546;net_10849;net_11085;net_20306;;
1145;0;net_1956;net_3932;net_10768;net_11428;net_12282;net_16666;;
1147;0;net_0;net_4543;net_5970;net_12084;net_16253;net_18353;;
1148;0;net_1;net_3889;net_4503;net_6467;net_9877;net_20124;;
1151;0;net_2165;net_5531;net_6964;net_13080;net_16544;net_20015;;
1156;0;net_2364;net_2711;net_6097;net_11335;net_12151;net_15329;;
1157;0;net_624;net_1039;net_4252;net_9329;net_10139;net_16709;;
1165;0;net_493;net_1736;net_2422;net_7401;net_8444;net_11325;;
1167;0;net_1043;net_2183;net_5940;net_5971;net_10112;net_10605;;
1168;0;net_8673;net_8957;net_9604;net_14540;net_15861;net_18907;;
1178;0;net_1;net_2962;net_3650;net_13038;net_14624;net_20410;;
1180;0;net_44;net_428;net_4666;net_5954;net_11017;net_18138;;
1182;0;net_0;net_1752;net_2221;net_2371;net_10310;net_17399;;
1184;0;net_0;net_4350;net_6366;net_11290;net_18941;net_19699;;
1197;0;net_1824;net_2153;net_6548;net_8135;net_10402;net_10511;;
1212;0;net_1246;net_4552;net_6319;net_19134;net_20399;net_20454;net_5549;net_15403
1229;0;net_2077;net_8875;net_10532;net_12989;net_15439;net_19731;;
1222;0;net_1;net_746;net_4494;net_6201;net_18191;net_18463;;
1225;0;net_4408;net_5711;net_8652;net_14066;net_15439;net_19476;;
1226;0;net_430;net_2731;net_10198;net_13431;net_15386;net_18711;;
1261;0;net_156;net_9141;net_10559;net_12962;net_13327;net_16985;;
1242;0;net_5711;net_5913;net_6190;net_7094;net_15625;net_19885;;
1243;0;net_1049;net_2287;net_8809;net_10712;net_16111;net_19584;;
1252;0;net_4312;net_5018;net_8105;net_14108;net_14576;net_17295;;
1268;0;net_624;net_4185;net_4475;net_8022;net_9281;net_12064;;
1218;0;net_0;net_819;net_1891;net_7388;net_12681;net_12736;;
1273;0;net_1;net_68;net_305;net_12592;net_18138;net_18561;;
1277;0;net_0;net_3080;net_5117;net_13332;net_14648;net_17484;;
1293;0;net_1265;net_4646;net_7566;net_15547;net_16591;net_19069;;
1282;0;net_3762;net_8849;net_9419;net_11103;net_11773;net_13881;;
1294;0;net_2815;net_8871;net_9947;net_16510;net_17616;net_18525;;
1297;0;net_570;net_3249;net_9266;net_10752;net_12011;net_12021;net_231;net_14820
1291;0;net_757;net_4201;net_4423;net_10484;net_13231;net_17397;;
1309;0;net_0;net_1;net_6456;net_9662;net_16330;net_18634;;
1319;0;net_5144;net_7801;net_8870;net_10695;net_13362;net_15546;;
1312;0;net_872;net_4289;net_7878;net_9264;net_18786;net_20467;;
1336;0;net_3077;net_7345;net_14956;net_15442;net_15652;net_16036;;
1327;0;net_730;net_997;net_2835;net_6736;net_7848;net_19484;net_7979;net_15212
1328;0;net_4456;net_5596;net_9386;net_10233;net_10621;net_19453;;
1330;0;net_642;net_5390;net_8110;net_18265;net_18387;net_20058;;
1340;0;net_836;net_2641;net_2902;net_8701;net_13133;net_19956;;
1341;0;net_849;net_8123;net_10067;net_11403;net_13269;net_17908;net_358;net_1026
1342;0;net_1;net_212;net_1274;net_4822;net_5240;net_9296;;
1343;0;net_2191;net_3157;net_3360;net_9674;net_12705;net_19187;;
1344;0;net_779;net_6322;net_10998;net_11119;net_14683;net_20102;;
1358;0;net_0;net_5929;net_6361;net_13387;net_15150;net_19338;;
908;0;net_83;net_4333;net_6006;net_6624;net_17982;net_18545;;
1361;0;net_1014;net_1418;net_1569;net_2273;net_10567;net_17911;;
32;0;net_3599;net_4919;net_5116;net_5644;net_12455;net_495;net_15094;net_15267
14;0;net_852;net_6211;net_6390;net_8430;net_16726;net_1318;net_15220;net_17601
20;0;net_4138;net_6812;net_15260;net_16101;net_18694;net_3372;net_9584;net_14474
21;0;net_3328;net_4255;net_4328;net_7740;net_14273;;;
35;0;net_190;net_6724;net_15504;net_16427;net_17750;net_6250;net_7132;net_20332
37;0;net_1406;net_1845;net_8876;net_10141;net_18926;net_14369;net_16669;
41;0;net_0;net_3446;net_7356;net_13226;net_17117;net_3499;net_7704;net_18283
65;0;net_11;net_3209;net_5267;net_6850;net_17764;net_4763;net_16526;net_16692
45;0;net_1308;net_4984;net_5064;net_5516;net_11038;net_8002;net_12635;net_16924
51;0;net_4042;net_4869;net_6975;net_9598;net_13183;;;
59;0;net_9276;net_11727;net_12600;net_14360;net_15402;net_841;net_2718;net_7806
62;0;net_202;net_8437;net_11754;net_13185;net_14364;net_3761;net_9611;net_14684
64;0;net_2152;net_6517;net_10381;net_14556;net_20350;net_8837;net_8847;net_12880
73;0;net_4795;net_5945;net_8545;net_12466;net_20263;net_940;net_8014;net_19946
43;0;net_8638;net_13444;net_15587;net_18845;net_19216;;;
78;0;net_716;net_1317;net_2925;net_12856;net_18433;net_3084;net_4284;net_18079
81;0;net_1123;net_5312;net_7210;net_8905;net_12627;net_841;net_17257;
97;0;net_3592;net_3866;net_11213;net_11361;net_15985;net_5078;net_8604;net_14552
92;0;net_329;net_862;net_11720;net_12830;net_17598;net_3136;net_9645;net_19962
101;0;net_1170;net_4043;net_10024;net_13619;net_15743;net_3354;net_6223;net_11917
104;0;net_4990;net_6896;net_11865;net_16518;net_19381;net_3156;net_7604;net_13602
106;0;net_424;net_10563;net_13044;net_14035;net_16936;;;
118;0;net_4612;net_11764;net_17629;net_18610;net_19674;;;
110;0;net_3926;net_3963;net_11570;net_14759;net_19553;net_4626;net_6402;net_12514
125;0;net_289;net_8475;net_9405;net_15684;net_17157;net_7384;net_16775;net_16937
131;0;net_1450;net_3241;net_8543;net_10553;net_13759;net_6969;net_13848;net_19357
132;0;net_1320;net_2223;net_9125;net_10275;net_13205;net_4173;net_18416;net_20298
134;0;net_89;net_11448;net_13951;net_16360;net_19761;;;
129;0;net_1453;net_2629;net_5185;net_10723;net_12528;net_9016;net_12459;net_19104
143;0;net_1;net_11980;net_15610;net_19212;net_19262;net_584;net_5260;net_8834
149;0;net_3487;net_12704;net_16988;net_18079;net_19561;;;
152;0;net_1;net_489;net_1345;net_1619;net_17158;net_5360;net_6022;net_10951
158;0;net_0;net_1148;net_4432;net_9251;net_17551;net_633;net_9568;net_10896
159;0;net_2644;net_3502;net_4763;net_7385;net_15701;;;
168;0;net_221;net_328;net_2226;net_15401;net_20332;net_4659;net_10396;net_15100
160;0;net_3343;net_3544;net_9924;net_15566;net_17914;net_7073;net_11295;net_17026
193;0;net_94;net_3582;net_12135;net_13751;net_17349;net_8611;net_9197;net_15027
173;0;net_2788;net_7915;net_8686;net_14896;net_17542;net_765;net_8629;net_13306
175;0;net_0;net_3960;net_8277;net_9477;net_11317;net_1451;net_13881;net_19019
177;0;net_1;net_21;net_9353;net_17725;net_18346;net_6250;net_9598;net_17488
178;0;net_2882;net_3021;net_9801;net_12828;net_20450;net_9771;net_12941;net_13271
179;0;net_1061;net_4565;net_5888;net_7930;net_15402;net_5963;net_14123;net_18523
183;0;net_392;net_3998;net_10033;net_18488;net_19357;net_763;net_8557;net_13968
185;0;net_291;net_383;net_1086;net_1146;net_6706;net_1720;net_10185;net_14189
189;0;net_0;net_1;net_5644;net_7230;net_10700;net_1113;net_5955;net_20181
197;0;net_1162;net_5387;net_7633;net_13651;net_18648;net_4247;net_4264;net_19352
201;0;net_0;net_3572;net_5734;net_7295;net_16233;net_4498;net_11971;net_15807
257;0;net_1044;net_4254;net_4443;net_12285;net_18746;net_8245;net_13678;net_19978
208;0;net_927;net_4976;net_7733;net_9724;net_11018;;;
215;0;net_421;net_1056;net_1336;net_5391;net_13832;net_9398;net_11220;net_18609
222;0;net_1;net_9709;net_12391;net_15807;net_20130;net_558;net_9462;net_15423
246;0;net_1243;net_5125;net_13825;net_19536;net_19893;;;
235;0;net_202;net_7809;net_16883;net_18728;net_20546;net_5827;net_7069;net_11461
247;0;net_5093;net_5361;net_8932;net_9850;net_12072;;;
237;0;net_2288;net_5543;net_7509;net_12519;net_15198;net_982;net_1695;net_12811
240;0;net_2;net_5313;net_6671;net_9545;net_14776;net_8784;net_17823;net_18140
241;0;net_4556;net_5443;net_6056;net_11099;net_12866;net_4895;net_12184;net_20146
242;0;net_433;net_8406;net_9791;net_10398;net_15129;net_3810;net_6531;net_11717
244;0;net_0;net_7110;net_9904;net_12346;net_17889;net_709;net_3875;net_7228
248;0;net_0;net_1873;net_5849;net_12781;net_15646;net_6046;net_9108;net_13314
249;0;net_2169;net_7270;net_11487;net_15698;net_20540;net_4762;net_5559;net_18860
255;0;net_290;net_2155;net_11429;net_12238;net_17056;net_6494;net_9231;net_19333
258;0;net_7975;net_10474;net_14885;net_18306;net_18684;;;
259;0;net_53;net_4696;net_6184;net_9500;net_10531;net_4372;net_15612;net_18746
264;0;net_2730;net_5734;net_7703;net_9637;net_18720;;;
275;0;net_1;net_151;net_1248;net_11636;net_14481;net_1544;net_9672;net_14999
289;0;net_1230;net_5059;net_10876;net_17268;net_19290;;;
279;0;net_659;net_9824;net_13049;net_15772;net_18568;;;
281;0;net_1218;net_9473;net_15021;net_17052;net_19626;net_922;net_7926;net_16769
284;0;net_5400;net_5849;net_5869;net_10529;net_10759;net_4584;net_12822;net_19222
287;0;net_226;net_974;net_13505;net_19223;net_20164;net_5597;net_9799;net_13743
292;0;net_4238;net_10027;net_10227;net_17674;net_18181;net_7759;net_11429;net_15347
293;0;net_0;net_1061;net_6964;net_13301;net_16170;net_537;net_7800;net_7991
294;0;net_1086;net_2069;net_7705;net_7730;net_17042;net_762;net_4230;net_10967
304;0;net_329;net_13298;net_13564;net_14100;net_17220;;;
305;0;net_1;net_836;net_2359;net_15705;net_16513;net_6270;net_7896;net_13627
308;0;net_622;net_988;net_2429;net_7111;net_20464;net_150;net_10589;net_13928
309;0;net_458;net_2643;net_4215;net_5799;net_8258;;;
316;0;net_3587;net_6298;net_9269;net_9918;net_14587;;;
318;0;net_359;net_1550;net_13490;net_14905;net_17550;net_5732;net_5803;net_16105
319;0;net_4637;net_8330;net_8960;net_9402;net_18279;;;
324;0;net_143;net_4787;net_6137;net_12418;net_16197;net_9081;net_14009;net_16788
326;0;net_888;net_5168;net_5628;net_11044;net_16537;net_6182;net_8911;net_18776
329;0;net_9909;net_12016;net_13899;net_18936;net_19601;;;
299;0;net_0;net_231;net_424;net_10101;net_13019;net_5014;net_8525;net_9525
335;0;net_3994;net_7011;net_9490;net_13230;net_14764;net_2623;net_15847;net_20122
338;0;net_824;net_4396;net_8338;net_9676;net_16652;;;
331;0;net_6077;net_6750;net_6872;net_10252;net_16588;;;
343;0;net_2978;net_8875;net_14148;net_18755;net_18863;net_3965;net_5492;net_20201
344;0;net_4520;net_5268;net_10019;net_12055;net_17216;net_2366;net_11222;net_18350
346;0;net_1303;net_6602;net_7633;net_9877;net_12121;net_1321;net_10998;net_17914
348;0;net_2228;net_9335;net_11003;net_11036;net_13616;net_4316;net_6105;net_19829
351;0;net_601;net_6977;net_8043;net_11518;net_13425;net_7357;net_9426;net_17940
363;0;net_9461;net_10216;net_12361;net_13542;net_18583;net_3617;net_8745;net_17279
360;0;net_105;net_1553;net_2774;net_3826;net_11352;;;
365;0;net_167;net_5013;net_5061;net_5987;net_10488;net_841;net_9317;net_17474
370;0;net_1;net_395;net_7048;net_12298;net_20004;net_37;net_5865;net_15978
371;0;net_5826;net_6508;net_9827;net_10220;net_13456;;;
376;0;net_698;net_6689;net_6984;net_8397;net_19409;;;
377;0;net_724;net_4381;net_6602;net_9705;net_13436;;;
381;0;net_360;net_958;net_3711;net_8392;net_9280;net_171;net_8102;net_18416
382;0;net_4449;net_15161;net_18329;net_19147;net_19315;;;
383;0;net_5544;net_9874;net_9920;net_13000;net_15181;net_3557;net_11397;net_15690
394;0;net_1608;net_5078;net_7200;net_8904;net_15567;;;
405;0;net_6052;net_8742;net_9647;net_12865;net_15336;net_6258;net_11906;net_15331
395;0;net_5847;net_13155;net_16619;net_18647;net_19944;;;
418;0;net_2429;net_3354;net_3970;net_18714;net_19752;net_704;net_4126;net_15435
384;0;net_4179;net_4219;net_6285;net_8835;net_14691;;;
419;0;net_7746;net_8844;net_9461;net_14877;net_19677;net_297;net_12522;net_12896
420;0;net_3119;net_6939;net_8493;net_12929;net_15418;net_8724;net_16642;net_19301
422;0;net_4896;net_6973;net_8841;net_9828;net_11564;;;
423;0;net_5236;net_5267;net_6477;net_13441;net_13783;net_3745;net_12906;net_15367
424;0;net_1870;net_2684;net_3893;net_5147;net_19139;;;
429;0;net_885;net_2666;net_5657;net_7284;net_15243;net_6933;net_17230;net_17271
430;0;net_0;net_10613;net_16614;net_17832;net_19889;net_4830;net_8150;net_8366
458;0;net_1;net_2948;net_7363;net_8047;net_16739;net_9887;net_10393;net_12927
442;0;net_3439;net_10354;net_10642;net_14445;net_16496;;;
445;0;net_4748;net_12066;net_12215;net_13868;net_14033;;;
450;0;net_153;net_321;net_1935;net_9124;net_12305;;;
453;0;net_7760;net_9290;net_12313;net_16762;net_17121;net_1055;net_5388;net_19381
465;0;net_449;net_2724;net_10377;net_13059;net_13147;net_3349;net_7907;net_19880
468;0;net_1462;net_3171;net_5140;net_10187;net_15349;;;
476;0;net_141;net_2061;net_5510;net_6087;net_9806;;;
477;0;net_418;net_4884;net_8542;net_9805;net_11179;net_1930;net_11310;net_18084
478;0;net_1794;net_4278;net_8475;net_11269;net_16536;net_486;net_3339;net_15884
479;0;net_255;net_8695;net_13816;net_15753;net_18150;;;
483;0;net_0;net_4782;net_10503;net_14069;net_19785;net_9307;net_9997;net_11532
494;0;net_476;net_4463;net_7484;net_13247;net_14494;net_4497;net_7381;net_19925
496;0;net_878;net_9940;net_11575;net_16677;net_19543;;;
497;0;net_830;net_9750;net_15807;net_17756;net_19803;net_8077;net_8770;net_20213
502;0;net_1155;net_3846;net_4413;net_8564;net_13973;net_1219;net_1276;net_5270
506;0;net_2836;net_3478;net_3972;net_4110;net_15464;;;
510;0;net_0;net_172;net_380;net_3474;net_8144;net_5803;net_7802;net_15112
517;0;net_192;net_2145;net_11475;net_15667;net_17669;net_1311;net_9585;net_12440
521;0;net_0;net_6532;net_10793;net_13341;net_18055;net_2793;net_4107;net_13511
513;0;net_0;net_1069;net_2073;net_10535;net_14783;net_1707;net_7749;net_11399
531;0;net_928;net_7685;net_7955;net_9371;net_12666;net_1;net_11973;net_17865
533;0;net_0;net_2140;net_6934;net_8403;net_18733;net_4918;net_14543;net_19398
536;0;net_5774;net_10977;net_11842;net_16475;net_16734;;;
542;0;net_5344;net_6495;net_7842;net_9999;net_20405;;;
547;0;net_0;net_6195;net_11477;net_12119;net_14284;net_955;net_4321;net_9376
548;0;net_5978;net_12479;net_12579;net_14840;net_17951;;;
549;0;net_4115;net_11682;net_12181;net_13884;net_19768;;;
544;0;net_5191;net_10748;net_13566;net_16236;net_17908;;;
567;0;net_4534;net_6146;net_9011;net_12421;net_14756;net_7603;net_15135;net_16931
558;0;net_1;net_5634;net_17901;net_19596;net_19908;net_3150;net_8951;net_17566
560;0;net_4476;net_5307;net_9288;net_9467;net_13454;;;
563;0;net_9524;net_10776;net_10854;net_16209;net_17199;;;
571;0;net_5931;net_8652;net_12288;net_12449;net_18043;net_1470;net_4769;net_20115
589;0;net_347;net_7937;net_9438;net_10084;net_16350;net_1;net_9548;net_19008
582;0;net_8363;net_8645;net_9086;net_12865;net_13464;net_9483;net_19886;net_20109
555;0;net_168;net_1328;net_9638;net_9893;net_16542;;;
591;0;net_353;net_1608;net_4635;net_5850;net_19238;net_9011;net_11519;net_20448
592;0;net_1930;net_3620;net_3960;net_5470;net_11789;;;
596;0;net_0;net_5627;net_11378;net_16053;net_20316;net_5016;net_8554;net_13913
587;0;net_2067;net_2678;net_13098;net_16357;net_17803;net_4289;net_9938;net_11899
604;0;net_2484;net_5061;net_5101;net_6618;net_18483;;;
609;0;net_8827;net_11054;net_16950;net_17968;net_19655;;;
615;0;net_3590;net_15775;net_17629;net_17747;net_19661;net_143;net_4326;net_7665
625;0;net_1308;net_2842;net_5211;net_8499;net_12161;net_200;net_17929;net_18962
627;0;net_1699;net_5120;net_9566;net_14171;net_14933;net_3687;net_13697;net_16819
636;0;net_582;net_3580;net_8065;net_9983;net_12860;net_2609;net_13393;net_14186
653;0;net_1285;net_6285;net_13221;net_18939;net_19749;net_2392;net_4934;net_17011
643;0;net_1056;net_2061;net_8781;net_10217;net_16261;net_9743;net_16008;net_16613
652;0;net_9334;net_11546;net_11702;net_12805;net_18211;;;
660;0;net_4139;net_4172;net_4388;net_13729;net_13943;net_1017;net_5317;net_16370
651;0;net_3931;net_4280;net_4517;net_5279;net_16910;;;
667;0;net_5722;net_10281;net_10458;net_11256;net_17223;;;
668;0;net_448;net_6712;net_9670;net_11160;net_11779;net_4236;net_7662;net_12523
225;0;net_5533;net_11928;net_12509;net_13767;net_18379;;;
677;0;net_8747;net_10870;net_15756;net_16190;net_17098;;;
678;0;net_1;net_4233;net_6042;net_14170;net_14213;net_8665;net_15600;net_20317
641;0;net_335;net_6627;net_8769;net_9629;net_10023;;;
715;0;net_314;net_737;net_7635;net_16818;net_19897;net_3705;net_16343;net_18337
703;0;net_189;net_5531;net_6955;net_7511;net_18533;;;
706;0;net_916;net_6474;net_7086;net_11857;net_17588;net_4828;net_15186;net_19605
718;0;net_0;net_8233;net_11324;net_11416;net_15454;net_955;net_9106;net_17703
720;0;net_3863;net_6308;net_7046;net_9265;net_12225;;;
722;0;net_0;net_4000;net_11417;net_14731;net_19118;net_2450;net_3974;net_9765
723;0;net_426;net_5352;net_16372;net_16388;net_19894;;;
724;0;net_947;net_3900;net_5216;net_14188;net_19746;net_7187;net_8330;net_11542
728;0;net_4732;net_10828;net_15557;net_17009;net_17157;;;
735;0;net_7785;net_13193;net_15654;net_17854;net_18769;;;
738;0;net_295;net_2453;net_3854;net_5360;net_8173;;;
740;0;net_130;net_336;net_7689;net_11453;net_14541;net_4502;net_4752;net_17125
742;0;net_8711;net_12192;net_14838;net_15714;net_18632;;;
743;0;net_561;net_4503;net_5163;net_19899;net_20039;net_1450;net_4158;net_12935
747;0;net_1;net_9;net_1111;net_4362;net_14461;net_9091;net_13526;net_17522
753;0;net_1268;net_1894;net_3611;net_5666;net_9841;;;
822;0;net_2785;net_6457;net_7696;net_9437;net_10458;;;
761;0;net_3871;net_4498;net_9624;net_14090;net_17180;net_684;net_9363;net_13034
767;0;net_775;net_1203;net_7702;net_8053;net_18789;net_3371;net_11213;net_20318
771;0;net_0;net_6292;net_8594;net_10274;net_12384;net_7306;net_12706;net_15503
777;0;net_1855;net_5453;net_6365;net_10129;net_10369;net_10962;net_13605;net_14741
781;0;net_1;net_110;net_7042;net_9852;net_16880;net_1533;net_8119;net_15543
782;0;net_2245;net_4244;net_6749;net_15098;net_19935;net_898;net_6893;net_17826
787;0;net_763;net_3156;net_4649;net_7827;net_14798;;;
801;0;net_1568;net_5364;net_10707;net_11870;net_19427;net_845;net_1362;net_14274
791;0;net_613;net_2099;net_6450;net_9760;net_13820;;;
792;0;net_763;net_2245;net_2647;net_8413;net_20444;;;
793;0;net_490;net_3722;net_8204;net_13464;net_18741;net_8088;net_9301;net_19545
795;0;net_424;net_766;net_1568;net_17591;net_18854;net_3370;net_5489;net_10338
798;0;net_1178;net_3770;net_4198;net_11220;net_11659;net_3374;net_15057;net_19491
808;0;net_1786;net_4412;net_6861;net_10794;net_17516;net_203;net_11537;net_13764
815;0;net_348;net_7771;net_7902;net_19507;net_19875;net_529;net_947;net_5448
818;0;net_852;net_2182;net_4689;net_6619;net_13725;;;
819;0;net_50;net_9514;net_9773;net_16717;net_17191;net_9243;net_10186;net_10956
825;0;net_870;net_4397;net_4665;net_9298;net_11208;net_9846;net_14474;net_19753
827;0;net_499;net_5621;net_11734;net_12389;net_20357;net_5293;net_8467;net_11235
831;0;net_417;net_3915;net_11194;net_14661;net_15125;net_1311;net_8325;net_17965
845;0;net_1008;net_2405;net_7372;net_8586;net_14074;;;
837;0;net_1472;net_2131;net_15085;net_19248;net_20422;net_1427;net_7683;net_19595
839;0;net_145;net_975;net_10705;net_18342;net_19054;;;
841;0;net_0;net_266;net_1030;net_3437;net_9108;net_7980;net_13260;net_15735
811;0;net_2492;net_3999;net_9008;net_9591;net_11914;;;
737;0;net_6424;net_9471;net_9741;net_12301;net_19390;net_1183;net_14509;net_19005
843;0;net_5955;net_7737;net_8270;net_15960;net_16041;net_7291;net_10346;net_10543
859;0;net_8089;net_12609;net_15253;net_16281;net_19967;;;
871;0;net_0;net_4455;net_12129;net_15952;net_16618;net_4401;net_7753;net_10682
874;0;net_1592;net_4446;net_5628;net_9290;net_19264;;;
877;0;net_5729;net_9294;net_14842;net_15472;net_16810;net_1847;net_8261;net_12075
880;0;net_0;net_2206;net_8241;net_9740;net_15045;net_947;net_1036;net_19660
883;0;net_2930;net_6599;net_7603;net_10190;net_14460;;;
865;0;net_825;net_3774;net_7914;net_8949;net_17623;net_6550;net_11707;net_15847
919;0;net_1;net_711;net_7307;net_13900;net_19016;net_7339;net_13628;net_19328
905;0;net_2996;net_12560;net_14031;net_16607;net_18531;;;
906;0;net_41;net_2711;net_7248;net_11702;net_15269;net_8937;net_12118;net_19977
907;0;net_1;net_8880;net_11901;net_13859;net_15533;net_535;net_2372;net_11840
909;0;net_8814;net_11474;net_12268;net_14635;net_16727;;;
910;0;net_537;net_937;net_2856;net_11016;net_18414;net_5037;net_7133;net_12202
914;0;net_5589;net_7855;net_7989;net_10932;net_18577;net_127;net_6155;net_11346
916;0;net_1363;net_13006;net_13262;net_15233;net_16325;;;
918;0;net_2257;net_11895;net_17485;net_18326;net_18661;;;
924;0;net_0;net_426;net_5684;net_7864;net_9401;net_642;net_14934;net_18251
993;0;net_9478;net_12076;net_12346;net_12987;net_15120;;;
932;0;net_736;net_3200;net_5473;net_6261;net_17428;net_1098;net_1168;net_12785
938;0;net_4705;net_10869;net_12069;net_13282;net_15852;;;
951;0;net_0;net_5132;net_10069;net_14808;net_16447;net_466;net_10935;net_16358
944;0;net_5996;net_8225;net_11900;net_12169;net_19831;net_4331;net_9568;net_18822
946;0;net_1535;net_5387;net_5416;net_7985;net_13218;;;
947;0;net_1;net_2598;net_4625;net_8059;net_10751;net_3005;net_10991;net_13304
961;0;net_4905;net_5739;net_6075;net_13855;net_19478;net_9941;net_14803;net_15007
956;0;net_1;net_6353;net_10651;net_14993;net_18668;net_1198;net_2334;net_20269
960;0;net_3146;net_3717;net_12994;net_17051;net_17526;net_1343;net_3950;net_20143
950;0;net_1285;net_9737;net_18874;net_19638;net_20211;net_70;net_2293;net_2837
972;0;net_906;net_1307;net_2212;net_6896;net_19773;;;
963;0;net_602;net_2265;net_3319;net_13527;net_20291;net_5052;net_9287;net_16039
964;0;net_0;net_7085;net_9063;net_9713;net_15575;net_9593;net_10856;net_13135
967;0;net_1609;net_5476;net_11456;net_15471;net_16012;net_3170;net_9098;net_16662
970;0;net_336;net_2661;net_2679;net_5270;net_19392;net_1021;net_1903;net_18609
1005;0;net_0;net_3867;net_15843;net_16013;net_18146;net_1262;net_2388;net_17936
974;0;net_1698;net_3155;net_7167;net_13839;net_18462;net_4172;net_15236;net_15369
976;0;net_1380;net_4019;net_10360;net_15951;net_19714;net_7873;net_9116;net_13665
994;0;net_2103;net_7440;net_7830;net_8682;net_11054;;;
987;0;net_6746;net_7190;net_9041;net_9341;net_17258;;;
1004;0;net_595;net_3334;net_6982;net_12690;net_18160;net_3973;net_5541;net_11621
995;0;net_153;net_261;net_5138;net_10322;net_13201;net_383;net_8565;net_14682
999;0;net_7835;net_8336;net_11782;net_14507;net_14847;net_5461;net_9231;net_11913
1001;0;net_148;net_4109;net_11016;net_11385;net_12334;net_752;net_8356;net_15198
1002;0;net_2247;net_4509;net_11619;net_14855;net_19578;net_4825;net_8554;net_11392
1016;0;net_278;net_3964;net_14870;net_17493;net_20322;;;
1009;0;net_2275;net_3411;net_8181;net_12239;net_15996;net_6787;net_13887;net_16255
1011;0;net_0;net_5788;net_17438;net_17973;net_20200;net_5919;net_6058;net_14715
1013;0;net_914;net_3261;net_5505;net_7254;net_12757;;;
1024;0;net_3213;net_4989;net_13114;net_13309;net_14915;net_3386;net_8369;net_20278
1027;0;net_4452;net_5012;net_5393;net_8083;net_19018;;;
1031;0;net_769;net_6555;net_15502;net_16501;net_17083;net_234;net_2067;net_3717
1046;0;net_5291;net_5748;net_6395;net_7753;net_15553;;;
1037;0;net_946;net_1051;net_4707;net_8682;net_18404;net_5517;net_7358;net_17531
1039;0;net_702;net_7689;net_14660;net_15291;net_18271;net_5806;net_6513;net_17663
1042;0;net_2699;net_7181;net_7975;net_16226;net_19005;net_838;net_5802;net_12095
1044;0;net_1055;net_4529;net_4770;net_15231;net_17505;;;
1057;0;net_7653;net_7767;net_8230;net_9890;net_19673;;;
1053;0;net_4194;net_7249;net_8037;net_9164;net_16009;;;
1063;0;net_390;net_3821;net_12304;net_12600;net_17777;;;
1080;0;net_105;net_9455;net_12826;net_19497;net_19830;net_7671;net_8126;net_16681
1091;0;net_544;net_11210;net_13224;net_15930;net_20529;;;
1094;0;net_1410;net_6362;net_7834;net_13677;net_18890;net_91;net_10585;net_15283
1095;0;net_473;net_8113;net_13536;net_18577;net_18832;;;
1100;0;net_4415;net_15437;net_16318;net_18327;net_19050;;;
1111;0;net_3119;net_6499;net_11841;net_14415;net_18426;net_174;net_9146;net_9458
1114;0;net_4353;net_7520;net_13338;net_13502;net_19427;net_8899;net_10185;net_11979
1116;0;net_5028;net_13729;net_15894;net_18851;net_19872;;;
1141;0;net_245;net_5431;net_5562;net_11185;net_17186;net_2778;net_6869;net_12108
1122;0;net_504;net_1622;net_4228;net_11743;net_19763;net_4096;net_5591;net_14948
1128;0;net_2948;net_12505;net_13684;net_14126;net_17209;;;
1136;0;net_1;net_3818;net_4950;net_9037;net_9082;;;
1146;0;net_1423;net_1917;net_12502;net_15804;net_16885;net_5572;net_6514;net_12077
1150;0;net_1151;net_1156;net_5363;net_16195;net_17246;;;
1164;0;net_932;net_4409;net_6706;net_8451;net_16177;;;
1169;0;net_669;net_4288;net_7379;net_9286;net_11124;;;
1170;0;net_27;net_974;net_4247;net_4857;net_10500;net_1053;net_4094;net_8706
1176;0;net_158;net_10611;net_11378;net_12706;net_19535;;;
1181;0;net_1;net_5755;net_7099;net_16312;net_19145;net_5158;net_12570;net_20128
1183;0;net_187;net_9538;net_11697;net_17066;net_18169;;;
1152;0;net_5569;net_5965;net_9973;net_12458;net_18477;;;
1187;0;net_1941;net_4900;net_10892;net_11431;net_19845;net_4090;net_9592;net_18477
1188;0;net_4871;net_6631;net_7603;net_15765;net_18518;;;
1190;0;net_915;net_12025;net_15700;net_15725;net_19497;;;
1193;0;net_2203;net_2443;net_6776;net_7814;net_19908;;;
1198;0;net_0;net_1109;net_7934;net_18416;net_20279;net_6534;net_17968;net_18723
1202;0;net_0;net_1;net_9077;net_14522;net_16606;net_9494;net_10213;net_19960
1210;0;net_34;net_126;net_13056;net_14603;net_17374;;;
1214;0;net_1187;net_4827;net_5468;net_8649;net_9891;;;
1206;0;net_934;net_1051;net_7891;net_16319;net_19604;net_4746;net_5967;net_17868
1224;0;net_591;net_8509;net_9019;net_10771;net_10849;net_658;net_7211;net_15540
1234;0;net_3635;net_7898;net_11991;net_14583;net_17992;net_4193;net_5942;net_14082
1250;0;net_82;net_234;net_3913;net_14935;net_15966;;;
1240;0;net_3838;net_6524;net_8945;net_9388;net_10612;;;
1241;0;net_300;net_3840;net_5859;net_7371;net_18475;;;
1245;0;net_5196;net_5483;net_6769;net_16150;net_18698;net_283;net_3815;net_20317
1251;0;net_0;net_1223;net_2867;net_9970;net_17402;net_1071;net_1839;net_9189
1255;0;net_2348;net_4080;net_4558;net_17565;net_17650;net_5363;net_10316;net_14757
1258;0;net_837;net_6008;net_9193;net_9466;net_13630;;;
1264;0;net_1;net_298;net_2574;net_11867;net_16068;net_4314;net_15051;net_15990
1266;0;net_7666;net_7885;net_15460;net_17557;net_19091;;;
1269;0;net_91;net_734;net_1935;net_6882;net_10009;;;
1278;0;net_2495;net_4610;net_5285;net_12767;net_15493;;;
1286;0;net_4101;net_5942;net_12342;net_13252;net_13883;;;
1287;0;net_363;net_4691;net_7644;net_10448;net_11271;net_1522;net_5366;net_15356
1288;0;net_1971;net_6933;net_8727;net_15233;net_16186;;;
1299;0;net_438;net_1602;net_10679;net_11528;net_20473;net_446;net_4265;net_5407
1314;0;net_0;net_6999;net_7383;net_7858;net_16428;;;
1321;0;net_2800;net_5863;net_12643;net_16210;net_17308;;;
1326;0;net_4745;net_5791;net_9355;net_10223;net_12129;;;
1331;0;net_741;net_4657;net_11031;net_19149;net_20292;;;
1345;0;net_3416;net_5429;net_7700;net_9979;net_18845;;;
1335;0;net_4038;net_7938;net_10176;net_12727;net_16360;;;
1325;0;net_5299;net_7271;net_11269;net_17778;net_20424;;;
1337;0;net_895;net_4320;net_5992;net_8339;net_14778;;;
1354;0;net_2958;net_5507;net_8004;net_8388;net_14412;net_811;net_1219;net_19033
1323;0;net_1525;net_3979;net_12001;net_16192;net_17576;net_16;net_4572;net_12353
1362;0;net_4111;net_6830;net_7704;net_7782;net_16286;;;
1365;0;net_321;net_682;net_6602;net_10392;net_14142;;;
2;0;net_1149;net_7500;net_7545;net_10048;net_6663;net_12588;net_12782;net_13004
29;0;net_5132;net_15633;net_19655;net_20402;net_1279;net_1479;net_4829;net_18360
31;0;net_6321;net_14420;net_19115;net_19187;net_6521;net_7617;net_8411;net_14058
42;0;net_8171;net_14576;net_17319;net_19327;net_3380;net_4196;net_4301;net_12187
48;0;net_8664;net_11256;net_16285;net_16773;net_2589;net_3406;net_4568;net_12420
49;0;net_5179;net_13981;net_14574;net_16470;net_4628;net_5075;net_7831;net_17409
55;0;net_3647;net_9472;net_10383;net_16553;net_3567;net_5758;net_10474;net_19315
60;0;net_1434;net_6058;net_11179;net_12921;net_99;net_525;net_1262;net_20454
74;0;net_2596;net_10831;net_18566;net_18911;net_1855;net_7744;net_8115;net_18709
126;0;net_2280;net_4996;net_14262;net_16819;net_541;net_5157;net_11033;net_13340
133;0;net_2712;net_16267;net_17515;net_17800;net_2963;net_4304;net_4402;net_17145
163;0;net_15;net_3657;net_9943;net_16786;net_5302;net_5884;net_11578;net_15074
165;0;net_9948;net_12378;net_14097;net_17534;net_2663;net_3632;net_8358;net_15811
181;0;net_2907;net_8490;net_11692;net_15591;net_4463;net_6101;net_10355;net_11929
186;0;net_545;net_12052;net_18251;net_19667;net_181;net_5659;net_6978;net_12007
195;0;net_8430;net_9045;net_9459;net_14170;net_104;net_4632;net_12800;net_16707
202;0;net_3894;net_6497;net_15896;net_19968;net_1139;net_5354;net_7296;net_16909
227;0;net_965;net_5197;net_7842;net_9250;net_5816;net_10816;net_15091;net_20054
310;0;net_1828;net_9446;net_11101;net_17117;net_7931;net_9150;net_18451;net_20158
256;0;net_1099;net_6377;net_6828;net_7752;net_5549;net_12507;net_15726;net_19831
311;0;net_3250;net_7547;net_9612;net_15716;net_2620;net_10976;net_14942;net_20361
327;0;net_1314;net_2144;net_14674;net_16110;net_1194;net_1628;net_3531;net_11740
339;0;net_7203;net_13534;net_19601;net_20348;net_3348;net_4495;net_8196;net_14069
349;0;net_3579;net_15020;net_15195;net_20323;net_3444;net_6379;net_7433;net_17853
374;0;net_3122;net_12509;net_14577;net_19993;net_3068;net_3121;net_5786;net_10810
367;0;net_4620;net_7976;net_10769;net_11432;net_2358;net_7830;net_13922;net_19581
379;0;net_4132;net_10741;net_11002;net_13526;net_560;net_733;net_1762;net_4812
397;0;net_4155;net_8239;net_12528;net_20035;net_2623;net_5722;net_13135;net_14352
448;0;net_1245;net_2264;net_10011;net_13303;net_2451;net_3803;net_14087;net_14290
440;0;net_5855;net_17078;net_17450;net_19790;net_4952;net_8269;net_9485;net_11273
0;0;net_1238;net_8220;net_17022;net_17688;net_409;net_7341;net_9115;net_13458
486;0;net_1801;net_5535;net_5736;net_16153;net_6623;net_10938;net_11454;net_18178
499;0;net_5059;net_15074;net_19117;net_19814;net_4190;net_4748;net_7549;net_10433
504;0;net_9174;net_10899;net_15051;net_19206;net_345;net_8336;net_10015;net_15768
509;0;net_1612;net_14538;net_16335;net_20016;net_833;net_3270;net_3802;net_12947
511;0;net_7371;net_16643;net_17140;net_18382;net_3501;net_5006;net_9145;net_11646
516;0;net_9581;net_11036;net_11672;net_17538;net_733;net_2374;net_3822;net_12814
522;0;net_114;net_9281;net_10303;net_20285;net_192;net_1315;net_1838;net_13760
529;0;net_1041;net_6416;net_18547;net_18624;net_751;net_7860;net_15598;net_16024
550;0;net_1573;net_15896;net_16893;net_18570;net_2404;net_6022;net_10145;net_18557
564;0;net_1364;net_9630;net_13893;net_18835;net_249;net_9412;net_12792;net_16099
570;0;net_689;net_6226;net_7724;net_13275;net_684;net_1306;net_8161;net_12667
602;0;net_1183;net_7863;net_9939;net_11937;net_8728;net_10664;net_13111;net_15674
603;0;net_2369;net_4230;net_12727;net_16942;net_8741;net_10172;net_14935;net_17303
607;0;net_2628;net_7007;net_8435;net_13864;net_5054;net_13457;net_16750;net_17350
617;0;net_1707;net_1909;net_1912;net_19127;net_9116;net_17371;net_18642;net_20189
626;0;net_914;net_2087;net_6195;net_11355;net_9778;net_12111;net_15599;net_19127
634;0;net_2251;net_8025;net_12758;net_17430;net_5190;net_8531;net_14276;net_15275
672;0;net_2559;net_12507;net_18007;net_18846;net_3480;net_4319;net_8197;net_13304
687;0;net_7774;net_9469;net_10271;net_13870;net_4275;net_5289;net_10950;net_16763
697;0;net_365;net_633;net_16398;net_17800;net_56;net_1375;net_1708;net_17921
710;0;net_3787;net_11700;net_15178;net_17306;net_729;net_840;net_921;net_17381
713;0;net_2168;net_3998;net_12693;net_12947;net_2448;net_5432;net_12200;net_18753
725;0;net_3126;net_3414;net_13894;net_15257;net_1819;net_3228;net_13671;net_15802
731;0;net_139;net_12211;net_12604;net_18594;net_2964;net_7878;net_10199;net_13450
736;0;net_734;net_1167;net_9740;net_10468;net_3362;net_8772;net_9827;net_16306
772;0;net_3800;net_5773;net_10925;net_20492;net_8852;net_9360;net_13581;net_14431
784;0;net_100;net_8943;net_12338;net_16751;net_429;net_2376;net_9329;net_11788
1025;0;net_6763;net_7695;net_16308;net_17732;net_1631;net_8598;net_11276;net_17768
838;0;net_457;net_11436;net_17935;net_20024;net_885;net_1110;net_2393;net_10085
842;0;net_5841;net_10156;net_17586;net_17801;net_209;net_2234;net_9526;net_16052
844;0;net_650;net_5945;net_13330;net_19147;net_48;net_4955;net_10054;net_11961
856;0;net_7007;net_12200;net_19185;net_19321;net_1160;net_3159;net_3459;net_3861
861;0;net_5727;net_10754;net_18192;net_18882;net_76;net_1381;net_2365;net_2477
864;0;net_5610;net_10431;net_17311;net_18617;net_780;net_2095;net_3745;net_4708
888;0;net_1275;net_10079;net_12400;net_13762;net_2266;net_5067;net_6231;net_18510
893;0;net_310;net_846;net_10196;net_12078;net_1228;net_2641;net_8167;net_10932
895;0;net_9458;net_11053;net_15142;net_15590;net_420;net_2136;net_9911;net_10286
897;0;net_147;net_5548;net_12031;net_14425;net_727;net_786;net_1093;net_2972
933;0;net_8243;net_11968;net_14241;net_15187;net_1884;net_8398;net_9585;net_10960
971;0;net_1458;net_14820;net_14920;net_15351;net_6332;net_7764;net_7873;net_14261
955;0;net_890;net_12517;net_16206;net_20444;net_734;net_789;net_1348;net_1853
978;0;net_67;net_8332;net_10729;net_14684;net_1126;net_1753;net_6427;net_15818
997;0;net_5378;net_9620;net_17623;net_18527;net_3878;net_9373;net_16607;net_20199
1051;0;net_1160;net_9387;net_9552;net_19599;net_5000;net_5247;net_13472;net_18040
1084;0;net_10185;net_10715;net_11091;net_18179;net_582;net_4312;net_5719;net_20488
1118;0;net_3983;net_4282;net_10795;net_16475;net_4860;net_8752;net_18473;net_18591
1119;0;net_4514;net_12119;net_14829;net_20543;net_1017;net_1913;net_9037;net_15693
1126;0;net_2178;net_14771;net_18903;net_20173;net_604;net_1179;net_3669;net_6981
1142;0;net_2503;net_4427;net_17022;net_20096;net_7851;net_8323;net_13449;net_16524
1153;0;net_1397;net_15763;net_18647;net_19220;net_452;net_8054;net_9498;net_10085
1166;0;net_4027;net_10829;net_14183;net_14322;net_1552;net_4312;net_5882;net_11043
1185;0;net_5681;net_11088;net_16017;net_17335;net_754;net_4489;net_5720;net_14929
1199;0;net_6599;net_10075;net_15378;net_17449;net_1891;net_4084;net_15529;net_17719
1196;0;net_181;net_1376;net_5599;net_6377;net_939;net_8943;net_11901;net_14178
1213;0;net_7668;net_7950;net_14837;net_16567;net_112;net_4287;net_4654;net_16818
1215;0;net_425;net_3228;net_5376;net_10858;net_5708;net_10584;net_11842;net_16015
1221;0;net_6282;net_6289;net_8876;net_12938;net_1071;net_10080;net_12298;net_14350
1236;0;net_858;net_1309;net_5535;net_10545;net_8376;net_14793;net_15772;net_20328
1260;0;net_5968;net_7941;net_9712;net_16979;net_1;net_10017;net_10808;net_13584
1267;0;net_6418;net_6690;net_15797;net_17860;net_2065;net_5464;net_18554;net_18948
1279;0;net_2184;net_3689;net_9925;net_17003;net_8663;net_13093;net_13539;net_17129
1270;0;net_4201;net_7869;net_8213;net_14776;net_4667;net_11932;net_12851;net_14859
1289;0;net_267;net_2998;net_7345;net_20435;;;;
1298;0;net_418;net_3466;net_10060;net_11488;net_102;net_7507;net_15819;net_17748
1305;0;net_305;net_7030;net_7763;net_12296;;;;
1307;0;net_3;net_700;net_7538;net_8848;;;;
1347;0;net_139;net_5591;net_9015;net_10507;net_4112;net_6208;net_10336;net_10380
1333;0;net_2115;net_8004;net_10146;net_12316;;;;
1348;0;net_5715;net_6532;net_10189;net_17026;;;;
1360;0;net_2586;net_4248;net_7496;net_11515;;;;
1363;0;net_9561;net_10000;net_18517;net_20147;;;;
