begin;0,0;0,124.5;73.75,0;73.75,124.5;0,0;0,124.5;73.75,0;73.75,124.5
889;26.5,116.75;38,91.25;47.5,49;68.75,24.75;0.5,122.75;0.5,122.75;15.25,49;31.25,80
412;25.75,101.75;38,88;41.5,54.75;51.5,18.5;0.5,122.75;0.5,122.75;2.75,56.25;22.5,58
1348;32.5,103.5;38.25,74.75;41.5,54.75;70.75,29.25;0.5,122.75;0.5,122.75;2.75,56.25;45,45.5
845;11.25,90;34.75,98.5;43.25,30.5;51.25,17.5;0.5,122.75;0.5,122.75;2.75,56.25;25.25,24.25
1326;27,87.5;33,103;61.25,30;71.25,31.75;0.5,122.75;0.5,122.75;2.75,56.25;14.25,24.75
371;33.25,87.75;38,102.5;67,42.5;71.25,28.5;0.5,122.75;0.5,122.75;2.75,56.25;22,25.25
247;28.75,74.75;30.25,103;54,51.5;67.25,42.25;0.5,122.75;0.5,122.75;2.75,56.25;13.75,30.75
630;28,92.75;45.75,86;61.25,30;69.25,29.25;0.5,122.75;0.5,122.75;5,25.75;41.5,42
316;21.75,74;36.5,103;58,51;68.25,35;0.5,122.75;0.5,122.75;5,25.75;28.75,63.25
348;9.75,59.75;24.75,99.5;60,52;68.25,35;0.5,122.75;4.25,104;4.75,13;22.75,49.25
332;5.5,59.25;24,99.75;38,65.75;68.25,35;0.5,122.75;4.25,103.5;25,7;38.75,69.5
450;7.5,40.25;32.25,92.25;55.75,56.5;59.5,51.5;0.5,122.75;15.25,114.25;25,7;38.75,69.5
1307;26.5,38;32.25,92.25;44,50.25;53,50.75;0.5,122.75;22.75,114;25,7;38.75,69.5
391;29.75,29.75;31,92.5;31.75,54.5;53,50.75;0.5,122.75;15.5,116;20.75,2.25;45,54.5
1306;9.25,25;24.75,96.5;25.75,74.25;36,63.75;0.5,122.75;4.25,100.5;28.5,15.75;45,54.5
618;13.5,30;28.25,111.25;32.5,92.25;43.5,48.75;0.5,122.75;3,101.5;28.5,15.75;43.5,70.5
1309;13.5,30;28.25,112.25;37.75,92.25;65.5,41;0.5,122.75;3.5,101.5;41.5,29.25;54.75,49.25
732;19.75,19.25;35.25,103;38.5,86.25;65.5,41;0.5,122.75;5.25,92;30.75,27.75;42.75,32.5
435;8.75,24.75;25.75,118.75;40.25,88;62.5,52;0.5,122.75;18.5,81.25;31.25,15.5;42.75,32.5
734;23.25,42;25.75,117.75;28.25,73.75;62.5,52;5.75,109.25;18.5,81.25;21.75,18.5;54,19.75
358;23.25,42;26.25,92.25;35.25,82.75;66.5,38.75;9.5,97;18.5,81.25;21.75,40.25;39,4
1269;7.5,40.25;30.75,87.75;40.25,87.25;68.75,41.25;3.5,106.25;18.5,81.25;21.75,40.25;39,4
567;26,29.25;35.25,74.25;44.25,87;54.5,51.25;16,108.75;18.5,81.25;30,34.5;39,4
1160;23,30.5;24.75,93.25;26.25,104;70,40.25;4.75,96.5;6.5,101;30,34.5;39,4
86;10.25,25.25;10.75,88.25;35.75,102.5;70,40.25;2,105;22.25,109.25;24.25,48;39,4
704;7,29;27.75,73;35.75,102.5;55.5,29.75;2,105;27,110.25;31,39.25;42.5,26.25
1112;6.75,26.75;32,85;35.25,103;51,21;2,105;27,110.25;31.25,39;51.25,25.75
817;12.5,29;26.5,92.75;47.5,108;49.5,21;2.5,105;27,110.25;32,29.75;51.25,25.75
1319;12.5,29;29,100.25;45.5,118.75;53.25,21;2.5,90.75;21.25,110;37,40;51.25,25.75
351;12.5,29;40.75,103.5;43,102.5;47.25,6.25;8.75,95.25;21.25,110;21.75,41.25;49.5,12.5
423;22.5,30.5;29.5,102;29.75,92.75;38,20.75;8.75,95.25;21.75,110.25;23.5,25.75;49.5,12.5
1278;13,29;26.25,103.5;29.75,92.75;30,36.5;18,78.25;21.75,110.25;23.5,25.75;36.75,1.5
584;13,41;23.5,93.25;24.75,103.5;42,51.75;3,65.75;21.75,110.25;22,25.25;36.75,1.5
309;14.25,31.25;24.25,103;33,120.75;49,51.75;3,65.75;21.75,110.25;22,25.25;53.5,4.5
948;25.25,36.5;37.5,85.25;47.5,114;49,51.75;3,65.75;15.75,111.75;22.75,26.5;53.75,2.5
808;5.75,25.25;25.25,96;39.25,91.25;40.25,30;3,54.25;15.75,111.75;22.75,26.5;47.25,4.5
139;2.5,30;25.25,96;31,85;32,43.75;3,54.25;10.75,105.5;22.75,26.5;55.5,16.75
162;7,48;23.75,71.5;28.25,99.5;43.5,22.5;3,54.25;10.25,109;18.5,9.25;55.5,16.75
1218;7,58.75;23.75,71.5;43.25,87.5;49.5,20.25;1,55.5;17.5,120;18,7.75;55.5,16.75
628;11.25,81.5;22.75,91;28.25,72;47.25,19.25;1,55.5;17.5,120;18,7.75;58.25,20.75
581;28,63.75;29.25,111;41.25,91.25;52.5,20.5;0.25,55.5;17.5,120;32,27.25;58.25,20.75
365;21.75,71.75;28.25,103.5;28.5,104;34.25,31.25;0.25,55.5;1.5,105.25;32,27.25;54.5,5.5
197;21.75,71.75;24.5,92.75;30.5,118.25;44.5,49.75;21.75,50;22.75,114.75;32,27.25;55,5
871;25.25,74;25.5,93;30.25,118.75;44.5,49.75;14.25,24.75;22.75,114.75;39.75,9.25;42.75,27
897;25.25,74;25.5,93;31.5,115.75;61,51.5;13.25,44.5;27.75,98.5;37,1.75;38.25,28.75
570;25.25,74;36,91.75;45,119.5;61,51.5;2.75,63.25;20.75,109.75;27.75,20.25;41.75,29.75
1261;25.25,74;25.75,91.25;55.75,101.5;61,51.5;2,58.25;19,119;21.25,18.5;44.75,32
1284;24.5,58.75;28.75,71.75;41.25,103.5;69,36;14,48.5;19,119;21.25,18.5;46,28.5
979;19.5,47.5;21,86.75;31,92.75;69,36;14,48.5;27.5,113.75;28.25,6;42,45.25
541;30.25,54.25;37.5,87.5;41,91.75;53,51.25;4.75,48.5;27,110;28.25,6;42,45.25
186;30.25,54.25;32.25,73.25;41,75.5;53,51.25;13.5,32.5;34.75,95;51.75,13;62.5,53.5
341;25.75,59.75;29.75,73.25;36.25,74;47.5,50.25;22.5,22.25;29,109.25;51.75,13;62.5,53.5
899;21.75,71.25;22.75,71;36.25,74;50,49.75;22.5,22.25;30,111;45.5,1.75;63.75,51.25
143;18.5,60.25;22.75,71;43,75.75;50,49.75;13,7.25;37.5,102.5;59.25,21.25;59.5,71.25
260;22.25,71.25;27,86.25;41.25,91.75;50,49.75;13,7.25;38.25,111.25;61.25,20.75;67.75,75.25
649;20.25,47.25;21.75,70.25;26.5,85.75;27.5,47.5;13,7.25;23.75,111.75;47,7.25;67.75,75.25
919;20.25,47.25;30.25,74.25;42.75,74;43,49.5;14,6.5;24,94;47,7.25;57.75,91.5
136;19.75,35;30.25,74.25;32.25,54.25;42.75,74;13.25,2.5;28,87;46.75,14.25;59.75,101.5
1362;24,15.75;40,54;45,64;45.5,51.25;13.25,2.5;41.25,68.5;46.75,14.25;59.75,101.5
591;3.75,12.75;26.5,46.5;33.5,46.75;54.5,51.25;13.25,24.25;41.25,68.5;59.5,4.25;59.75,101.5
918;10.25,7.75;26.5,46.5;33.5,46.75;54.5,51.25;12,26.25;47,59;52.25,15;55,85
685;10.25,7.75;20.75,58.75;30.5,65.75;42.5,51;27.75,28;47,59;62.25,23.25;67.25,91.5
226;1.25,5.75;9.75,48.25;27,46.75;32.25,47.25;27.75,30.75;30.5,62.25;62.25,23.25;67.25,91.5
478;1.25,5.75;5.75,58.75;24.75,41.5;50.5,50.75;6.75,26.25;42.25,80.25;51.25,12.5;67.25,91.5
266;2,25;5.25,78;24.75,41.5;50.5,30.25;1.75,24.25;42.25,80.25;49.5,33.75;66.25,102.5
1190;2,25;5.25,78;24.75,41.5;68,28.25;13.25,34;38.25,80.25;38.5,30;61.25,85.5
446;0.75,24.75;25.5,86.25;28.5,38;68,28.25;5.75,48.5;38.25,80.25;40.5,26.75;66.25,103
509;3.75,16.75;20.5,104;28.5,38;68,28.25;18.75,53.25;28.5,93.5;41.5,37.25;65,102
448;10.25,24.5;11.75,110.5;22.75,42;68.75,42.25;18.75,53.25;21,76.25;41.5,37.25;48.75,103
669;10.25,24.5;24,93.25;29,31;49.5,49.75;20.5,48.5;21,76.25;37.25,58.25;47.75,103.75
224;19.75,40.5;22.25,78;43.5,19;49.5,49.75;17.25,48;33.5,74;37.25,58.25;47.75,103.75
107;13.75,30.25;21,86.5;43.5,19;43.5,50.75;13.5,48;35.75,58.25;39,60.5;47.75,103.75
760;26.75,26.75;32.75,87.25;43.5,19;43.5,50.75;25.75,53;28.25,37.25;41.5,60.25;47.25,91.75
887;16.25,29.75;31.5,88;47.5,29.75;50.75,20.5;17.75,26.25;26.75,20;41.5,60.25;47.25,91.75
1257;26,14;30,91.75;50,49.25;52.25,5.75;17.75,26.25;26.75,20;41.5,60.25;44,110.5
68;26,14;33.25,75.5;41.25,35.5;52.5,18.25;11.75,39;34,28.5;41.5,60.25;51.25,114
1333;8.75,26.75;33.25,75.5;47,57.25;70.5,23.5;15.5,18.5;34,28.5;41.5,60.25;51.25,114
1202;8.75,26.75;33.25,75.5;55.25,57;64,38.25;28.5,6.25;35,30.75;41.5,60.25;42.5,105.5
754;8.25,10.25;22.75,91.5;47.25,57;68.75,35.75;28.5,6.25;35,30.75;42.25,64;43.75,113.5
274;8.25,10.25;24.5,104;40,51.5;61.5,51.5;24.25,18.75;30,7.25;42.25,64;42.75,103.5
1094;2,25;37,99.25;43,63.75;46,49.75;23,26.25;30,7.25;42.25,64;57,113.75
975;7,29;33.75,92.5;43.5,51.5;66.5,37.25;15,49;37,1.25;42.25,64;57,113.75
264;15.5,46.5;32.75,74.75;45,63.75;65.25,21.25;15,49;37,1.25;42.25,64;55.5,102
343;17.75,60.25;23.25,78;53.25,57.5;65.25,21.25;25.75,56.25;37,1.25;56,59;56.75,114
497;17.75,60.25;23.75,71.25;47.5,49.5;66.5,26.5;25.75,56.25;39,2.25;48.5,33.5;63.5,101.5
1321;15.75,48.25;33.5,88.5;47.5,49.5;66.5,26.5;17.5,35.5;41,5.5;46.25,15.25;63.5,101.5
772;22.75,40.5;33,86;53,51.75;61.5,30.25;3.75,26.25;41,5.5;46.25,15.25;69.5,102.5
493;22.75,40.5;23.75,102;41,52;61.5,30.25;3.5,26.5;47.5,7.75;52.75,5.75;54.5,87
815;9.25,25.75;23.75,102;45.5,48.5;46.5,20.75;8.5,49;47.5,7.75;61.5,4.25;64,90
910;16.5,30;23.75,102;28.5,44;43,49;4.5,32;53,5;56.25,14.75;64,90
194;11.25,10.75;23.75,102;49.5,49;51.5,52;25.5,22;47.5,25.75;58.75,5;64,90
996;11.25,10.75;27,87.5;31.75,45;33,47.5;29.5,6.75;42.25,40;56.75,5.75;64,90
1327;16.25,14.75;27,87.5;39.5,36;46,64.25;16,5;43.25,43.75;61.25,21.25;64,90
461;16.25,14.75;22,64.25;23.75,41.5;55.5,51.5;19,8.25;49.25,46;55,22;64,90
495;8.25,41;22,64.25;25.25,38;55.5,51.5;3.5,2;40.25,45;53.25,23.5;58,91
1365;8.25,41;22,64.25;38.5,38.5;59.5,51.5;1.25,9.25;25.75,30.75;38.25,27.5;58,91
1047;8.25,41;37.75,74;38.5,38.5;47,48.75;18.5,22.25;36.5,28.75;41.75,34;59,114.25
877;6.5,59.25;32.75,73.5;38.5,38.5;59,51.5;30.5,38.25;36.5,28;43.75,49.25;59,114.25
841;21.25,47.25;34.25,74.25;47,20;55.5,51.75;31,38.5;36.5,28;48,39;59,114.25
28;21.25,47.25;39.5,85.25;47,20;64.5,37.25;30.5,39;40.75,33.5;53.25,53.75;70.5,113.75
1076;21.25,47.25;23.25,73.5;41,18.25;64.5,37.25;23,57.25;52.5,21.25;55.75,51.5;69,102.5
200;14.25,58.75;22.75,70.75;34,31.5;57.25,30.5;23,57.25;52.5,21.25;57.25,60.25;57.75,91.5
1131;13.5,60.25;14,46.5;27.25,48.75;42,29.75;23.75,81.25;51.75,23;57.25,60.25;57.75,91.5
128;13.5,60.25;23.75,38;29,46.75;36.25,29.5;39.5,87;40.5,28.5;57.75,58.5;57.75,91.5
974;4.25,47.25;19.75,36.5;24.25,39;42,8.75;23.75,79.75;53.25,28;57.75,58.5;57.75,91.5
784;4.25,47.25;11.25,15.25;42.25,36;54.25,30.5;15.5,94.5;43.5,42;50.75,58.5;57.75,91.5
705;6.5,46.75;20.5,9.75;43.5,29.25;54.25,30.5;28.5,93.5;44.5,40.25;48,61;57.75,91.5
526;6.5,46.75;21.75,8.75;43.75,21.25;67,38.25;28.25,110.75;44.75,33.5;48,60.25;57.75,91.5
142;6.5,46.75;21.75,8.75;33.5,29;58.5,51;10,95.25;45.75,15.75;48,61;64.5,83
735;6.5,46.75;21.75,8.75;33.5,29;45.5,52;20.25,115.25;38,28.75;49,68.75;56,103.25
370;5.25,49.25;26,19;41.25,35.5;45.5,52;15.25,108.75;38,28.75;46,71.5;65,91
287;17.5,59.75;26,19;32,29.25;52,51.75;15.25,108.75;22.25,24.75;59.25,63.75;66,112.25
458;17.5,59.25;43.25,4.5;47.25,19.5;68,41.75;15.25,108.75;22.25,24.75;43.25,79.75;67.75,115
1248;19.75,38.5;21.5,10.25;46.25,42.25;49.5,51.75;15.25,108.75;24.25,26.25;43.25,79.75;54.25,103
398;19.75,38.5;40.25,17.5;45.75,57;50,51.75;7,90.5;24.25,26.25;36,86.5;45,95.75
540;19.5,29.25;19.75,29.75;22.25,60.25;60.5,30.25;5.5,91.5;14.5,24.25;36,86.5;45,95.75
54;9.25,24.25;19.75,29.75;24,64;64,21.75;8.75,108.75;12.25,43.25;36,86.5;42.5,106
553;18.75,9.25;27,39;33.75,74;46,29.25;8.75,108.75;12.25,43.25;41.25,71;57,91
592;7.5,29.25;22,23.5;23.25,73.75;31.25,34.5;11,94.5;12.25,43.25;41.25,71;57,91
1315;10.5,47.5;17.25,9.75;18.5,60.25;29.5,46.75;11,94.5;12.25,43.25;41.25,71;48.75,90.75
1340;14.25,30.25;17,29;18.5,60.25;52,29.75;11,94.5;13.25,49;20,52.75;64.75,103
667;14.25,30.25;17,29;32.75,54;52,29.75;0.25,72;1.5,57.75;6.5,49.5;45.75,113.5
679;17.25,18.75;18.25,16.25;49,51.25;52,29.75;0.25,72;2,58.25;6.25,50.25;34.75,103.75
513;4.5,25;8.25,1.25;49,51.25;52,29.75;1,55.5;1.75,84;15,32.5;30,110.75
632;8.25,1.25;14.25,31.25;42.25,36;53.25,21.25;0.25,55.5;0.75,96.25;15,32.5;42,110
367;11.25,2.25;26.5,35.5;46,48.75;47,17.5;0.25,55.5;2.75,96.5;8,25.25;42,110
1144;22.5,14.25;29.5,48;42.5,49.25;42.75,21.25;0.25,55.5;2.75,96.5;15,33.75;42,110
720;23,14.75;36.75,54.5;41.25,30;57.75,23.25;0.25,55.5;14.75,87.75;15,33.75;42,110
893;14.25,30.25;36.75,54.5;51,17.75;70.75,33.75;13.75,37.75;14.75,87.75;18.75,49;27.5,103.25
531;14.25,30.25;45,47.5;46.75,19.25;62,30.25;13.25,37.25;17.5,109.5;18.75,49;32.75,80.25
706;27.5,43;31.75,34.5;38,19.75;41.5,23;11.75,34.75;17.5,109.5;18.75,49;47.5,97.75
1239;23.75,38;24,14.75;29,43.5;58.75,22.75;8.25,50;17.5,109.5;26.25,31.75;47.5,97.75
92;19.5,29;24,14.75;41.5,46.5;50.5,29.25;10.5,49;18.25,119.25;26.25,31.75;47.5,110.25
793;19.5,29;22.5,9.75;47.5,56.75;48.5,49.5;1.25,50;18.25,119.25;22,49;55.75,88.5
390;33.25,47.25;34.25,31.25;40.5,47;63,51.5;8.75,48.5;18.25,119.25;22,49;59.25,82.5
898;29.75,47.25;40,54;42.25,29.5;64.25,37.5;10,24.25;11.25,111.5;22,49;59.25,82.5
242;22.75,47.75;29,64;50,29.75;66.75,28.5;1.25,26.25;11.25,111.5;32.75,31.5;59.25,82.5
192;23.75,70.75;24.25,74.25;54.25,30.5;66.75,28.5;9.75,24.75;11.25,111.5;19.25,20;40.75,78.75
1157;23.75,70.75;24.5,102.5;59.75,22.75;70.5,19.5;2.75,26.25;11.25,111.5;12.75,22;43,95.25
548;23.75,70.75;34,112;59.75,22.75;70.5,19.5;16.5,37.25;17,122.75;30.5,35.5;49.5,102
381;22.25,74.75;33.75,113.5;49.75,4.5;58.5,30.25;16.5,37.25;17,122.75;31,39.25;47,109.25
1357;22.25,74.75;29.5,112.25;49.5,5;51,50.25;16.5,37.25;22,109.75;28,20.5;33.5,94.75
896;25.25,91.75;32.25,86.5;49.5,5;51,50.25;2.75,63.75;13,99.75;27.5,15.75;28.25,66.25
422;27.75,92.25;40.75,93.25;53,29.25;67,43;2.75,63.75;9,92;27.5,15.75;28.25,66.25
3;37.5,86;40.25,73.75;43,48.75;68.75,27.5;2.75,63.75;3,79.75;8.5,6.5;28.25,66.25
680;37.5,86;38.25,74.5;44,49.5;49,17.5;2.75,63.75;6.5,92;19.5,7.75;19.5,75.25
480;35.25,74.5;37.5,86;42,50;48,51;0.5,94.75;14,90.5;19.5,7.75;28.25,57
894;20.5,91.25;32.25,73.75;33.75,47.75;41.25,74.75;0.5,94.75;14,90.5;15,25.25;37.25,27.5
595;21.75,92.75;32.25,73.75;33.75,47.75;52.5,96;0.5,84.25;2.25,66.5;22.75,36.5;49,32.25
227;29.25,104;33.25,73.75;46,51.75;57.25,99.5;0.5,84.25;3,66.75;22.75,36.5;42.75,28
820;20.5,102.5;37.75,92.75;46,51.75;67.25,92;0.5,84.25;1.5,50;15,26.25;33.25,38
1098;21.5,85;31.75,92.25;48,52;51,98;0.5,84.25;1.5,50;27.75,29.25;40.5,39.25
865;22.5,92.75;38.25,99.25;46.5,49.5;54.25,96;0.5,84.25;1,59.75;27.75,29.25;47.75,26.75
830;30.25,71.5;34.25,87.75;44.5,47.5;50.75,108.75;1,59.75;2,78.75;27.75,29.25;39,28
990;20.25,72;43.75,104;44.5,47.5;64,106;1,59.75;10,90.75;14.5,26.25;26,19.25
590;24.75,60.25;43,91.75;44.5,47.5;50.5,95.5;8.25,48;10,90.75;18,20.75;42,30
981;24.75,60.25;34.75,98;47.5,30.25;47.5,117.75;8.25,48;18.5,94.75;38.5,15.25;50,8.75
733;19.75,43;33.5,102;47.5,30.25;47.5,117.75;17.75,49;19,77.25;37,14.75;41.75,1.5
684;19.75,22.25;40.25,97.25;47.5,30.25;55.25,101.5;17.75,49;32.25,93.25;33.5,1.25;35.75,1.5
747;25.25,19.25;38.75,97.25;39,29.25;55.25,100.5;1,52.75;28,93;33.5,1.25;35.75,1.5
1360;13.75,16.25;24.5,93.25;39,29.25;43.75,85.5;8.75,49;28,93;33.5,1.25;35.75,1.5
831;11.25,7.75;23,110.75;39,29.25;56.25,103;6,49;29.25,102.5;32.75,15.5;35.75,1.5
510;11.25,7.75;21.25,93.25;33.25,30.75;47.75,109.75;6,49;11.75,111.75;32.5,16;48,4.75
1048;1.5,24.5;25.25,91.75;26,29;47.75,109.75;0.5,52.75;11.75,111.75;20,18.75;51,23
920;15.75,30.75;29.75,71.25;46,23;66.75,101.5;2,73.25;18.25,114.25;20,18.75;51,23
477;7.5,29.25;27.75,72.25;51,29.25;66.75,95;2,73.25;5.75,111.25;17.5,24.75;51,23
1297;20.5,29.25;42.5,76;58,23;66.75,95;2.75,76.75;13,99.25;13.25,24.75;51,23
1143;20.5,10.75;38.25,91.25;58,23;66.75,95;1,75;3,92;5,34.75;67.25,32.5
922;23,12.25;38.25,91.25;58,23;62,106.25;1,75;4,91.5;17.5,22.25;69.25,41.75
1296;23,12.25;32.75,112;58,23;69.25,117.75;1,75;1.75,96;24.75,6.25;54.25,58.25
299;4,23.5;28.25,104;58,23;69.25,117.75;1,75;1.75,96;19.5,7.25;59.25,70.75
1165;5,23.5;11.75,82.25;43.5,4.25;50,103;1,75;7,106;26.5,31.25;59.25,70.75
1177;9.75,25;23,64.25;44.5,23;66.75,91.75;1,75;14.75,110.75;38.25,45.75;59.25,70.75
783;14.25,8.75;26.5,60.25;44.5,23;64,93.75;1.75,60.5;14.75,110.75;50,36;59.25,73.75
77;21.5,9.75;21.75,73.75;51.75,20.25;64,93.75;1.75,60.5;21.75,109.25;52.75,51.25;59.75,73.25
48;13.75,17.75;21,86.25;51.75,17.5;64,93.75;6.5,49.5;21.75,109.25;41.25,68;43.5,68.5
880;9.75,7.75;21,86.25;49,23;66.25,107.5;6.25,50.25;14.75,108.75;32,60.5;43.5,68.5
185;4.75,7.75;21,86.25;39.25,38.5;66.25,107.5;21.5,57.75;30,102.5;39.5,40;60.75,58.25
1178;17.75,14.25;22,91.25;39.25,38.5;66.25,107.5;19.5,60.25;29,110.25;38.75,40.25;68.5,41.75
305;11.25,2.75;36.25,102.5;39.25,38.5;66.25,107.5;13.25,49;38.25,104.5;42.25,55.25;68.25,43.25
1264;13.75,10.25;24.75,96.5;39.25,38.5;66.25,107.5;11.75,48;40.25,119.25;41.75,49.5;68.25,43.25
822;15.75,14.75;37.75,92.75;45,50.25;63,89.5;1.5,57.75;40.25,119.25;41.75,49.5;68.25,43.25
278;15.75,14.75;37.75,92.75;53.5,50.75;55.75,103;21.5,50;30.25,110.25;32,29.25;54.75,58.25
791;8.75,10.25;37.75,74.25;66.5,39.25;69.25,97.75;23.75,49;30.25,110.25;32,29.25;54.75,58.25
244;8.75,10.25;41.5,51.25;66.5,39.25;68,119;7.25,48;15.5,112;22.75,50.25;49.25,49.25
521;15.75,26.75;38.25,74.75;66.5,39.25;68,119;3,53.75;14.25,114.25;21.25,24.25;50.25,44.5
613;23.75,45;40.75,93.25;59.25,30.5;67.5,118.5;2,72.75;14.25,114.25;21.25,24.25;53.25,28
1004;20.75,59.25;23.25,102.5;41,18;72.25,117.5;2,72.75;14.25,114.25;17.75,9.5;51,42
560;25.75,71.25;30,91.75;59,23;63.5,106.25;2,72.75;14.25,114.25;22,24.25;51,42
703;27,85.25;31.5,87;40.75,21.25;43.75,102.5;2,72.75;14.25,114.25;22,24.25;53.75,20
736;20.75,102.5;31.5,87;52.5,22.5;66.25,107.5;1.5,71.25;3.5,106.25;5.5,30.75;53.75,20
668;24.5,86.75;39.25,74;65.75,23.5;66.25,107.5;1.5,71.25;5.75,92;11,48;53.5,2.25
999;31,102;46,50;49.5,5.5;66.25,107.5;11,49.5;28.25,102.5;30.5,62.25;53.5,2.25
993;31,102;46,50;49.5,5.5;63.75,95.25;13.75,34.5;15.5,112;19.25,44.25;32.75,9
1000;26,92.25;36.25,73.75;44.5,6;55.25,94;2.5,24.75;15.5,112;26.25,31.75;32.75,9
771;36.5,95.5;42.75,73.75;51.25,20.25;57.25,93.5;0.25,11.25;15.5,112;15.75,48.5;32.75,9
189;32,114.75;42.25,74;51.25,20.25;57.25,93.5;2.75,2.25;15.5,112;15.75,45.5;47,4.75
991;24.25,104;46.75,43.5;51,49.25;54.25,94.5;7,3.5;15.5,112;15.75,46.75;47,4.75
1149;24.25,104;40.5,29.75;46.5,49.25;50,100;7,3.5;15.5,112;26.5,61.25;53.5,21.25
1295;24.25,104;53.25,17.75;60.5,51.5;67.5,99.75;7,3.5;9.25,111.25;26,61.25;61.75,36.5
308;11.75,84.25;41.5,29.25;41.5,51.5;62.75,89.75;7,3.5;23.75,109.75;26,61.25;69.25,46.5
432;26,76;44,17.5;60.5,51.75;63.25,89.75;13.25,10.5;23.75,109.75;26,61.25;69.25,46.5
813;26.75,74.75;44,17.5;60.5,51.75;65,108.75;20,7.25;28.75,114.5;41.75,73.5;69.5,48.25
536;33,86.5;44,17.5;60.5,51.75;65,108.75;4.25,6.75;11.5,91;42,103.25;43.25,58.5
1249;33,86.5;40.25,22.75;51.5,50;65.5,107.25;4.5,5.75;31.5,86.75;31.75,102.75;43.25,58.5
9;21.5,85.75;27,29;51.5,50;55.25,98.5;4.5,5.75;23.25,108.75;27.5,105.5;47,39
105;21.5,85.75;29,23;40.5,51;57,93;4.5,5.75;9.75,103.5;39.5,112.25;47.75,50.75
876;21.5,85.75;26.5,29;33.25,53.75;67.25,95;4.5,5.75;11.75,108.75;41,104.25;42.5,27.75
413;11.25,80.75;21.75,47.25;22.25,72.75;54.25,94.5;4.5,5.75;5.25,111.5;41,104.25;42.5,27.75
1216;21.75,73.25;28,43;29.75,73.25;46.75,88.25;4.5,5.75;5.25,111.5;30,111.75;35,29.5
183;6,60.25;23.5,22.5;29.75,73.25;68.75,98.75;4.5,5.75;28.25,112.25;53.25,113;60.25,20.75
1005;6,60.25;23,16.75;29.75,73.25;66,100;4.5,5.75;39,113.75;40,111.5;51,12.25
1266;6,60.25;23,16.75;44.75,87.5;46.25,87.25;4.5,5.75;36.25,104.25;47.25,94.75;58.5,7.25
377;25.25,45;38.5,38.5;44.25,86.5;66,107.5;4.5,5.75;21.75,94;47.25,94.75;58.5,7.25
532;9,49;32,29;44.25,86.5;65.25,119.25;6,7.5;17.5,111;44.75,115;58.5,7.25
1095;9,49;32,29;44.25,86.5;47.5,118.75;19.75,2.75;22.25,99.25;54,112.5;56.75,8.25
1314;9,49;41,46.5;43.25,85.5;46,118.5;19.25,4;22.25,99.25;41.75,111.25;56.75,8.25
26;22.25,48.25;31,46.5;33,87;40.75,93.25;18.75,20.75;22.25,99.25;44.25,113;56.75,8.25
211;28.5,42;37,63.75;43,92.25;62,87;2.25,25.25;28.5,108.75;44.25,113;56.75,8.25
1090;28.5,42;36.75,54;37.25,74;67,103;2.25,25.25;37.5,103.75;41.75,115;51.25,26
1310;13.75,48.25;37.25,74;51,51.25;71,118.5;24.25,24.25;28,110.75;40.25,104.5;51.25,26
1029;22.75,47.75;37.25,74;49,49.5;71,118.5;22.75,26.5;33,122.75;43.5,90.25;44,15
859;22.75,47.75;47.5,93;49,49.5;71,118.5;17.25,49.25;33.75,106.25;41.25,66;65,30.75
1147;26,63.75;34,102.5;49,49.5;71,118.5;13.75,49;41,112.25;41.5,60.25;52.5,12.75
511;21.5,46.5;28.25,97.5;43.25,30;71,118.5;13.75,49;42.75,102.5;45.5,68;52.75,5.25
858;21.75,44.5;31,91.75;50,50.75;55,109;18.75,49;44.5,112.25;45.5,68;52.75,5.25
84;24.75,39;26,111.5;32,65.5;55,109;2,48;27.5,103.25;47,64.5;52.75,5.25
1267;8,46.75;31,103.5;37.5,88.25;39,92.75;2,48;38.75,110.75;49,72.25;52.75,5.25
288;24.75,37.5;26,93.25;28,102;55.25,100.5;12.5,48.5;38,110.5;49,72.25;52.75,5.25
1347;24,16.25;31.75,111;35.75,93.25;54.5,103.5;1.75,54;38,110.5;49,72.25;58,14.5
702;17.75,12.25;20.25,96.75;46.75,88.5;64.75,104.75;19.5,50;32.5,121.5;49,72.25;58,14.5
420;19.25,16.25;40.5,87.25;50.5,99.5;52,99.5;19,24.75;32.5,121.5;36,86.5;58,14.5
1108;19.25,16.25;28,88.5;34.5,92.25;46,115.5;3.5,32;32.25,122;36,86.5;47.5,2.25
1185;8.75,30.25;25.75,91.75;32.25,103.5;46,115.5;5,40.25;40,113.75;46.25,101.5;47.5,2.25
1323;2.75,23.75;22,85.75;23.25,118.25;46,115.5;13,49;40,113.75;40.75,104.5;47.5,14
868;2.75,23.75;31.25,71.5;45.5,115.25;49.25,109.25;11.75,50.25;19.25,118.75;28.5,112.25;47.5,14
907;2.75,23.75;31.25,71.5;50.5,109;53.25,109.75;12,48;23.75,115.25;36.75,106.25;44.5,15
1273;2.75,23.75;31.25,71.5;39,111.25;66,108.25;17.25,26;28.75,114.5;50.75,113;54,28.5
347;8.25,40.25;25.5,87.25;37,88.25;66,108.25;4,26.25;24.25,109;50.75,113;57.5,48.75
758;8.25,40.25;23,86.5;23.5,103;66,108.25;6.75,34;9.75,112;41,110.5;61.25,63.75
502;8.25,40.25;22.75,93.25;25.25,96.75;51,95;6.75,34;24.25,110.75;50.5,112.5;67.75,75.25
1152;8.25,40.25;31.75,85.75;34,99.5;68.5,89.25;6.75,34;16.25,109.25;50.5,112.5;53.25,87.5
175;2.25,60.25;23.25,73.75;49,103.5;63.75,93.5;5.25,35;7,91.25;50.5,112.5;53.25,87.5
1136;22.75,70.5;28,88.5;54.75,98;55.25,95.5;5.75,35;7,91.25;50.5,112.5;53.25,87.5
469;23.25,70.5;31.5,91.75;42.25,91.25;47.5,110;5.75,35;7,91.25;50.5,112.5;54.5,83
426;23.25,70.5;24,92.75;28.5,101.75;47.5,119.5;5.25,35;7,91.25;37,106.25;54,102
204;18.25,60.25;43.75,86.25;45,119;68.25,117.75;5.25,35;8.75,98.75;37,106.25;59.75,103.5
1231;27.75,48.75;38,86;52.5,102;68.25,117.75;5.25,35;22.25,115.5;30.5,110.75;44.25,110.75
1262;31,63.75;38,86;68.5,85.75;69.25,98;3.25,13.25;22.25,115.5;40.75,111.25;60.5,102.5
71;22.25,73.5;29.75,92.25;54,93;62.75,89.25;14.5,25.75;20.25,118.75;40.75,111.25;60.5,102.5
1193;9.5,59.75;11.75,88;39.5,111.25;45.75,85.25;14.5,25.75;20.25,118.75;40.75,111.25;64.25,102.5
1151;9.25,82.5;31.5,87;39.5,111.25;40.75,65.5;19.75,48.5;20.25,118.75;42.25,104.75;65,101.5
1268;24.25,59.25;25.75,59.75;47,102;58.5,51;2.75,26.25;13.5,90.5;42.25,104.75;65,101.5
1331;24.25,59.25;25.75,59.75;26.5,98.75;63,51.75;2.75,26.25;4.5,94.5;58.75,102.5;67,102
411;11.75,81;23.5,85.5;51,96.5;66.75,27.25;2.75,26.25;4.5,94.5;57.25,113.5;67.5,85
1363;11.75,81;23.5,85.5;64.5,94;68.75,26.75;2.75,26.25;4.5,94.5;53.5,102;66,90
552;23,87.25;40,86.5;50.5,110;65.25,37.5;2.75,26.25;10.75,109.5;39,105.25;66,90
762;32.5,96.75;42.75,93.25;44.75,103;68,31.25;2.75,26.25;4.75,96;34,94.25;66,90
1305;39,111.25;41,96.25;45.25,88;68,31.25;2.75,26.25;15.25,94;34,94.25;66,90
589;38.75,97.25;46.5,115.75;63,90;69.25,36;5.75,48;15.25,94;41.5,103.25;66,90
1358;33.75,111;37,93.25;63.75,84.75;69.25,36;21.5,27.75;32.75,80;41.5,103.25;60,84
217;24.25,113;25.25,91.25;61.75,103.75;69.25,36;29,15.75;32.75,80;46,113.75;47.75,103.5
529;24.25,113;37.5,87.5;46,119.5;60,51;29,15.75;32.75,80;53.75,102;54.5,112.25
674;6.5,119.25;29.75,91.25;46.5,116.75;63.5,51.75;29.5,16;32.75,80;54.5,112.25;64.25,102.75
158;6.5,119.25;25.5,60.25;57.25,100;63.5,51.75;29.5,16;47.25,91.75;51.25,103;58,91
468;2.25,123;19.75,51.25;29,92.75;70.75,27.75;29.5,16;34.75,106.25;47.25,91.75;58,91
888;2.25,123;10.25,25;28.5,118.25;69.25,32;16,24.25;23.25,120;34.75,102.75;58,91
1335;2.25,123;23.75,19.25;46.5,116.25;70.75,21.25;16,24.25;17.75,110.75;41.5,112.25;58,91
40;2.25,123;19.25,19.25;36.5,104;69.75,19.75;3.5,26.25;4.25,102;30.5,104.75;58,91
738;11.75,111.5;23,10.25;30.25,102.5;48.25,4.5;3.5,26.25;4.25,102;30.5,104.75;69.5,70.25
1241;22.75,91.75;23,10.25;33.5,86.5;43.25,30;3.5,26.25;4.25,102;53.25,85.5;62.25,87.5
1359;27,85.75;45,21.25;45.25,86.25;58.25,30;4.5,34.5;4.75,102.5;53.25,85.5;62.25,87.5
1328;25.5,93.25;32,29;62,106;71.25,34.25;2.25,50;4.75,102.5;53.25,85.5;60.75,103.5
122;21.25,92.25;29.5,48;67.5,118.5;71.25,34.25;1.75,64.5;4.75,102.5;59.75,103.5;65.5,114.25
913;21.25,92.25;41,48;52,94.5;66.5,40;4.25,48;4.25,103.5;62.75,102.5;65.5,114.25
1068;9.75,83.25;37.25,72.75;37.5,103.5;66.5,40;6.75,26.25;18.5,80.75;59.75,103.5;65.5,114.25
623;22.5,85.25;28.75,71.25;31,115.5;55.5,29.25;7.25,34.75;25.25,76.25;59.75,103.5;65.5,114.25
1234;22,64.25;24.25,71.5;31,115.5;46.5,19.5;13,33.75;28.75,57.75;49.75,90.25;65.5,114.25
1015;15.25,49.25;25.25,59.25;31,115.5;47.75,17.5;18,49;25.25,75.75;41.25,69.5;65.5,114.25
1013;20.5,65.25;29.5,48;31.25,99;42.5,21.25;18,48.5;25.25,75.75;41.25,69.5;65.5,114.25
1180;22.25,72.5;26.75,29.75;34,86;43,21.25;4.5,33.25;25.25,75.75;41.25,69.5;50.75,113
1091;22.25,72.5;26.75,29.75;37.25,72.5;43,21.25;6.25,26;20.5,66.5;39.5,83.75;70,113.25
293;22.25,72.5;23.25,43.5;40.75,65.5;43,21.25;19.25,20;21,59.75;40.75,72.5;67.75,114.25
29;2.5,58.75;29,47.5;40.75,65.5;43,21.25;34.5,15.75;37.75,59.75;62.25,89.5;68.25,102.5
787;6,60.25;19.75,37;26.5,88.25;46,29.25;30.25,26.25;37.75,59.75;62.25,89.5;68.25,102.5
794;6,60.25;19.75,37;37.5,87;50.75,20.75;39.5,40;47.75,49.25;65,84;67,103.75
530;5,41.5;46.5,43;52.75,108.75;66.75,25.75;24.25,62.75;39.5,40;65,84;67,103.75
833;2.5,29.25;27,29;35,104;45.25,20.75;17.75,50;39.5,40;65,84;67,103.75
533;9.25,23.75;28,38;40.5,85.25;50,6;17.75,50;55.75,50.25;65,84;67,103.75
1127;13.75,13.25;20.5,59.25;47.75,108.25;50,6;40.25,44;50,53.25;65,84;67,103.75
697;1.5,25.5;20.5,59.25;33.5,114.5;50,6;41.75,68.5;48.75,50.5;58,91;70,112.5
484;1.5,25.5;21.25,70.5;25.5,88.25;44.25,17.5;17.5,77.25;37.75,26.25;50.75,103;70,112.5
956;16.25,9.75;21.25,70.5;37,87;44.25,17.5;2.25,72.5;31.75,6;55,102.5;67.75,115
544;16.25,9.75;21.25,70.5;29.25,99.5;44.25,17.5;2.75,73.75;22.5,25.25;41,102.5;49.25,101.5
117;7.75,7.75;22.5,88.5;37.5,88;49,17.5;1,75;10,25.25;41,102.5;49.25,101.5
267;18.25,17.25;25.25,93.25;42,102.5;49,17.5;11.75,89;18,49;33.5,104.75;49.25,101.5
535;7.5,25.5;23,103.25;47.5,117.25;49,17.5;8.25,102.25;12,33.75;33.5,104.75;46,110
1046;30,40;32.75,92.75;37.25,102;45.25,30.5;8.25,102.25;12,33.75;37,104.5;46,110
914;30,40;31.75,103.5;46,117;47,48.75;3.75,88.5;14.5,41.25;37,104.5;54,112.5
384;24.25,42.5;24.25,113.5;36.5,91.5;53,20.25;3.75,88.5;14.5,41.25;29.5,93;54,112.5
946;2.75,39.75;30.5,118.25;30.75,86.75;47,30.25;3.75,88.5;20.5,49.5;29.5,93;54,112.5
95;4.25,40;6.5,120.75;34.5,104;42.75,6.25;3.75,88.5;14.5,41.25;28.25,93.25;54,112.5
356;5.5,60.25;6.5,120.75;30.75,103.5;42.75,6.25;1.5,73.25;6.75,35.5;38,85.5;56.5,112.25
1055;5.5,60.25;6.5,120.75;9.25,87.5;33.75,30.75;1,59.75;11.5,33.75;38,87;38.25,103.75
304;5.5,60.25;6.5,120.75;9.25,87.5;41.5,46.5;21,53.75;22.5,24.25;25.25,80.25;45.75,103.5
1187;7.5,48;23.75,99.5;27.75,98.75;41.5,46.5;3.5,34.5;8,24.75;25.25,80.25;63.75,91.5
67;9.5,48.5;33.75,93.25;46.75,108.25;51,50.5;2.5,34.75;8,24.75;25.25,80.25;65.25,89.5
104;19.75,37;28.25,73.75;40.25,103;51,50.5;8,24.75;11.75,42.25;42.25,65;60.25,77.5
731;17.75,15.25;46.25,85;47,114;51,50.5;14.75,26.25;17.25,48;42.25,65;54.25,86.5
250;22,14.75;29.25,71.75;46.5,88;51,50.5;5.5,49.5;7.25,48.5;47,64.5;54.25,86.5
954;4.75,14.25;31.25,92.75;51.25,108.75;59.5,51.5;1.5,73.25;11.75,39;47,64.5;54.25,86.5
414;23.5,11.75;39.25,92.75;50.5,93;59.5,51.5;6.75,89.75;11.75,39;29.75,63.25;48.75,92.75
522;23.5,11.75;30.25,71.25;50.5,93;58.5,51;0.5,96.75;22.25,49.5;47.25,46;67,88
220;3.5,25;33.75,86.25;37,88;58.5,51;0.5,96.75;22.75,50.25;52.5,22;68.25,102
1111;19.25,16.25;33.75,86.25;38,88;58.5,51;11.5,90.25;27.75,41.25;53,21.5;67.75,89.5
955;19.25,16.25;24.25,71;47,96;58.5,51;3.5,106.25;16.75,48.5;41,1.75;69,72.25
1034;7.75,16.75;41,63.75;46.5,85;66.5,37.25;3.5,106.25;16.75,48.5;36.75,1.5;44.5,59
1286;24,10.25;34,46.5;46.5,85;66.5,37.25;15.5,110.25;20.75,24.25;24,20.25;44.5,59
1336;18.75,15.25;43,51;46.5,85;66.5,37.25;31.25,94.5;36.25,28;38,27.5;40.25,67.5
790;23,11.75;27.5,44;64.5,94;66.5,37.25;16.25,111.75;36.25,28;43,39.75;53,51.75
1277;18.75,16.75;29,37;64.5,94;66.5,37.25;14.25,114.25;21.25,19.75;29.25,47.75;47,52.75
361;3.25,29.75;20.25,29.75;54.5,109;66.5,37.25;14.5,109.75;21.75,45.75;42.75,26.5;47,52.75
585;3.25,29.75;21.25,48.25;66.25,97.5;66.5,37.25;6.25,111;15.75,48;29.25,34.25;48,34.25
42;21,16.75;24.25,72.25;48,93;66.5,37.25;6.25,111;28.75,37.5;46.25,38.5;60,53.25
236;8.75,26.75;24.25,72.25;50,100;66.5,37.25;9.75,106.25;14,18.5;39.25,58.5;53.25,53.75
1184;11.75,31;25,92.25;37,103;66.5,37.25;6.75,109.75;14,18.5;57.5,60;62.75,53.75
874;3.5,46.75;25.5,88.25;32,87.5;59,29.75;6.75,109.75;14,18.5;59.5,76.75;62.75,53.75
210;2.25,30.25;25.5,88.25;28.25,71.25;62.25,29.5;6.75,109.75;25.75,21.5;54,89;55,48.5
554;2.25,30.25;21.5,85.5;30.75,74.25;43.75,22.75;6.75,109.75;19,8.75;42.5,94.75;49,33.5
22;14.75,29.75;21,87.75;37.25,72.75;50.75,18.5;6.75,109.75;19,8.75;41.75,104;49.5,21.25
21;20.75,47.25;24.5,104;25,59.75;45.25,18;6.75,109.75;19,8.75;27,109;49.5,21.25
1337;21.75,31.75;24.75,103.5;34.25,48.75;49.5,18;6.75,109.75;19,8.75;30,106.25;49.5,21.25
1002;10,30;25.75,115.25;27.5,41;49.5,18;6.75,109.75;9.75,26.25;30.5,103.25;62,7.25
20;21,12.75;24,87.25;40,47.25;49.5,18;6.75,109.75;34,30;40.5,102.5;55.5,12.25
177;21,12.75;36.25,72.5;40,47.25;61.25,22.75;9.75,106.25;40.5,29.25;48.25,91.25;52.5,5
856;19.75,39;36.25,72.5;41,49;61.25,22.75;14.5,114;39.25,36.75;59,78.25;60,8.75
1199;7,58.75;23.75,75.75;38.5,23;69.25,27;35,120;39.25,36.75;46.75,93.75;60,8.75
1063;7,58.75;22.75,71.25;38.5,23;69.25,27;15.25,112.25;17.25,44.25;27.5,103;48.75,5
193;7,58.75;21.75,72.75;51.5,18;69.25,27;7.75,109;14.25,35.25;23.25,115.25;46.5,13
59;7,58.75;21.75,71.75;51.5,18;58.25,30;10.5,95.5;17.25,44.25;27.5,104.5;35.75,1.5
55;21.75,59.75;22,88;33,22.5;63.75,40;1,102.5;17.25,44.25;27.5,104.5;42.5,1.25
259;25.25,40.5;26.75,103.5;35.75,35.5;64,51;1.75,79.5;17.25,44.25;41.5,102.75;42.5,1.25
100;18.5,58.75;23,103.75;47.5,17.5;71,34.5;1,72.25;17.25,44.25;38.25,103.75;42.5,1.25
492;23,64;23,103.75;66,23.75;71.25,27.5;1,72.25;12.75,20.25;46,109.5;51,15.75
1052;23,64;49.5,98.5;60,29.75;65,28;1,72.25;2.75,25.75;39.25,80.25;48,45
483;27.25,73.25;59.25,95.25;60,29.75;65,28;1.75,49;3.5,26.5;25,61.75;63.5,37.25
453;27.25,73.25;45.25,87;54,50.75;59,29.75;1.75,49;15.5,6.25;43.5,55.75;45.5,45.5
1313;20.75,74.75;33.25,103;41.5,46.5;59,29.75;2.25,72;15.5,6.25;30.25,73.75;34,28.5
24;19,60.25;33.25,103;38.25,23.25;53.25,23.25;4.25,49.5;15.5,6.25;39.5,60;51,14.75
928;29.25,75.5;30,103;42.5,29.25;47,49.75;11.75,36.75;15.5,6.25;39.75,64.5;51,14.75
1170;24.5,92.75;27.5,98.5;42.5,29.25;52,51.75;1.75,34.25;3,34.25;39.75,64.5;47.75,5
1008;12.75,111;24.5,92.75;67,27;71,34.5;2.25,35;3,34.25;38.75,65.5;47.75,7.5
56;12.75,111;37.25,75.5;47.5,20;47.75,42.5;2.25,35;29.25,8;30,84.25;30.75,27
1150;30.25,104;37.25,75.5;47.5,20;47.75,42.5;22.75,25.75;30.5,7.75;40.75,105.75;46,27.5
765;31,103.5;44.25,93.25;46.75,4.5;47.75,42.5;5,25.25;28.25,9.5;28.25,111.75;46,27.5
596;28.25,112.75;32,87;46.5,5;47.75,42.5;7.5,50;28.25,9.5;40.25,104.25;67.25,38.25
1148;23,85.75;25.75,103;38,17.75;68,27.25;7.5,50;28.25,9.5;65.75,97;68.25,37.75
487;33.75,73;36.5,102.5;41,21;68,27.25;18,50;21.25,28;65.75,113;68.25,37.75
479;33.75,73;36.5,102.5;52,20.25;68,27.25;12.75,20.25;23.75,25.75;38.5,112.5;51,14.25
678;24.5,86;34.5,91.75;51.75,17.75;68,27.25;26,19.25;26.5,19.5;36.75,113.75;51,14.25
255;9.25,59.25;38,86.25;51.75,17.75;68,27.25;8,6.25;15,6;45,89.75;49,23.75
50;22.75,59.25;46,57.5;48.25,43.5;53.25,18.25;8,6.25;40,8.75;45,89.75;45.75,20.75
338;25.25,72.75;41,30.25;49.5,17.75;65.75,37.75;8,6.25;40,8.75;42.75,106;45.75,20.75
1164;25.25,92.25;39.25,38.5;44.5,21.25;50.25,30;8,6.25;40,8.75;40.75,77.25;45.75,20.75
97;21.75,91.25;23,16.25;28.75,47.75;50.25,30;6.25,35.5;7.5,4;39.75,111.25;45.75,20.75
810;22.25,73.75;23,23;40,46.25;43.5,50.25;6.25,35.5;28.25,6;30,108.75;45.75,20.75
1207;22.25,73.75;29.25,34.5;35,63.75;66.5,39.75;18,39.75;23,20.5;29,109.25;45.75,20.75
90;7.75,58.75;22.25,40;36.75,73.5;70,31.75;13.75,44.5;25.25,7.25;29,109.25;45.75,20.75
91;7.75,58.75;26.5,29.25;33.25,74;70,31.75;3,68.75;27.75,2.5;38,84.5;48.5,5.25
261;24.25,70.75;28.75,47.25;46.25,85.25;70,31.75;11.75,48.25;27.75,2.5;32.75,78.75;49.5,12.5
155;11.75,85.25;34.5,65.75;49,94;52.5,20.5;10.5,25.25;18,26.25;32.75,78.75;49.5,12.5
240;30,103;39,54.5;52.5,94;64.5,20.75;10.5,25.25;18,26.25;30,87;43.5,16.5
1054;38.75,96.75;52,50.25;56.75,101.5;64.5,20.75;10.5,25.25;13.5,48;24.75,79.25;52.75,21
1258;34.25,76;56.5,29.75;63.5,106;66.75,30.25;10.5,25.25;13.5,48;22.75,79.25;52.75,21
1128;17.5,59.25;56.5,29.75;63.5,106;66.75,30.25;16.75,24.75;23,49;25.5,59.75;45.75,45.5
987;39.5,65.5;42,51.75;54.75,100;60.5,30.25;16.75,24.75;23,49;25.5,59.75;46,53.75
620;34.25,48.75;35.75,54.5;52.5,102.5;60.5,30.25;16.75,24.75;38.5,39.75;40.5,39.25;41,36.75
1142;13,47.5;25.5,29;46,114.5;49.25,22.75;16.75,24.75;38.5,39.75;45,33.75;65.75,20.25
399;6.5,46.5;22.5,15.25;31.75,92.75;49.25,22.75;2.5,25.25;44,45.75;45,33.75;58.5,4.25
198;0.75,43;7,30.5;29.75,72.25;49.25,22.75;2.5,25.25;19.75,58;39.25,28;53.5,27.75
524;0.75,43;22.25,31.25;28.75,92.75;41.75,4.5;5.5,35.5;20,76.75;44.25,32;53.5,27.75
442;0.75,43;21.25,49.25;28.75,92.75;41.75,4.5;1,26.25;2.25,66;28,21.25;42.25,29.25
1140;0.75,43;18.25,49.25;27,85;44,4.75;1,26.25;14.5,50;41.25,29.5;41.75,2.5
1197;6.25,16.75;9.25,48.75;38.25,92.75;47.75,21.25;1.25,49.5;1.75,59.5;41.25,29.5;41.75,2.5
276;5.25,10.25;6.5,47.5;47.5,108.5;49.25,18.75;1.25,49.5;3,60.25;41,6;41.25,29.5
1156;11.25,5.75;15.25,31.25;35,83;49.25,18.75;3,60.25;7.25,35.5;14.5,3.75;34.75,37
659;11.25,5.75;15.25,31.25;28.25,99.25;49.5,20;2.75,84.25;14.5,24.25;23.5,8.5;42.25,33
1006;7.25,10.25;24,12.25;27,99.75;49.5,20;1.5,76.75;14.5,24.25;18.25,6;48.75,38.5
1145;7.75,3.75;23.25,37.5;27,99.75;49.5,20;2.75,91.75;8,2;15.25,26.25;43,26.25
690;23,14.25;23,23;26.75,115;49.5,20;3.75,105.75;14.5,3.75;14.5,26.5;43,26.25
166;4.25,1.25;23,23;25,92.75;46.5,19.25;3.75,105.75;18.75,8;27.5,33;28.25,45.75
1250;4.25,1.25;23,23;23,104;46.5,19.25;5.25,109.75;31.25,36.75;38,28.25;39.75,67
152;1.25,10.75;3.75,29.75;30.25,102.5;46.5,19.25;5.25,109.75;31.5,37.5;41.5,46;45.5,93.75
118;1.25,10.75;3.75,29.75;26.25,110.25;46.5,19.25;10.75,110.25;47.75,45.75;54.5,50.5;62.5,71
631;1.25,10.75;1.5,24;26.25,110.25;34,31;31.75,93.75;48,34;49,70.75;61.25,53
297;5,25;21.5,14.25;47.5,120.75;51.75,57.25;11.25,111.25;48,34;49,70.75;59.75,58.5
254;9.5,47.5;9.75,30.25;36.25,96;51.75,57.25;11.25,111.25;37.25,38.5;49,72.25;63.25,51.25
1032;24.25,43;29,39.5;29,102;51,56.5;10.25,103.75;37.25,38.5;40.75,58.25;63.25,51.25
768;21.5,18.75;22.75,37.5;27.75,114.5;45.5,51.75;10.25,103.75;23.5,18.5;39,40;63.25,51.25
1110;16.75,13.75;20.5,16.75;27.75,114.5;44,48;10.25,103.75;18.75,10.5;27.25,39.75;61.75,53
427;15.75,9.25;20.5,16.75;23.5,87.75;44,48;7.25,109.25;14,24.25;15.75,25.75;42,48.75
1040;15.75,9.25;20.5,16.75;27,103;28.5,44.5;9.75,109.75;22.5,43.25;32,30;39.75,64
1229;8.25,12.75;20.5,16.75;27,103;53.25,57.5;1.75,80;19.25,46.5;36.25,27;63,45
78;17.25,15.75;18.75,18.75;27,103;53.25,57.5;18.5,75.25;27.25,58.25;28.5,26.25;53,49.75
895;9.25,7.75;18.75,18.75;36.5,91.75;63.5,52;4.75,89.75;32.75,77.75;37.5,15.75;53,49.75
1342;9.25,7.75;27.5,39.5;29.5,110.5;59,52;4,91.5;39.75,68;42.5,28.5;53,49.75
146;1.25,10.75;24.25,38.5;47.5,117;59,52;5.75,95.5;24.25,77.25;44.5,26.25;53,49.75
121;2.5,29;24.25,38.5;53.75,94.5;59,52;7.75,99;23.25,76.25;45.25,27;63.75,70.25
1070;20.5,30;33.25,30.25;37.75,91.25;59,52;22.25,116.25;24,99.75;45.25,27;62.25,55.75
805;7,46.75;15.75,19.25;24.75,97.75;47.75,56.5;20.5,120;39,112.5;45.25,27;62.25,55.75
749;5.5,24;7,46.75;27,75.75;47.75,56.5;15,114.5;47.75,101.5;53.5,13.75;66.25,77.5
606;5.5,24;7,46.75;32.75,87.25;44.5,87;19.5,119;28.5,110.25;32.5,15.25;54,101.5
1044;26,17;27.25,47.25;32.75,87.25;43.25,93.25;19.5,119;28.5,110.25;33.75,2;47,102.5
654;26,17;28.25,72.75;29.75,111.5;35.75,74.5;29,111.25;34.25,115;47,5.75;47,102.5
972;9.75,24.25;26,91.75;32.5,114.5;40.25,103;29,111.25;34.25,115;47,5.75;63.25,102.5
924;9.75,24.25;32.25,113;46,121.5;62.25,106.25;29,111.25;34.25,114.25;44.5,1.25;62.25,113
222;9.75,24.25;27.75,102;47.5,123;66,117.5;15.75,109.75;34.25,114.25;39,2.25;65.75,113
157;32,23;38.5,86.25;39.25,103.5;59.25,99.75;8.25,110.75;17.5,120;39,2.25;65.75,113
319;26.5,48;49.25,108.75;54.25,102;62.25,106.5;8.25,110.75;17.5,120;39,2.25;51.75,103
150;24.75,49.25;31.25,113.25;36.25,100.25;64,88.25;10,95.25;23.75,109.25;39,2.25;51.75,103
1214;27.5,42;31,119.25;51.5,100;68,97;10,95.25;23.75,109.25;39,2.25;52.25,103.5
181;17,47.5;25.5,112.25;35,98.75;50.5,98;10.25,98.25;23.75,109.25;37.5,26.25;52.25,103.5
437;17,47.5;24.5,103.5;44.5,104;64,106;10.25,98.25;17.25,109.25;28.75,14.75;53.25,103.75
755;9.5,30.5;40.75,93.25;47,119.5;63.25,87.25;10.25,98.25;17.25,109.25;27.75,26.25;53.25,103.75
476;8,30.5;31.25,102.25;34.75,119.75;66.75,98;10.25,98.25;17.25,109.25;34,28.5;53.25,103.75
195;26.5,42.5;50,96;54.75,102.5;63.5,88;10.25,98.25;17.25,109.25;26,19.25;48.75,90.75
320;46.75,43;50,96;54.75,102.5;64,89.5;7,90.5;7.25,91.75;42.75,29.5;69,103.5
1224;50.75,17.5;54.5,108.5;55.75,102.5;64,89.5;2.75,111.25;3,92;42.25,28;69,103.5
761;23,22.5;25.75,101.75;64,89.5;65,103.5;2.75,111.25;25.25,75.25;27.75,20.25;45.5,119.75
757;22.25,35.5;44.25,103.5;64,89.5;66.25,107;1.5,106.25;22.75,48.5;27.5,21.25;45.5,119.75
1341;35.25,23.25;47.5,121.5;64,89.5;69,106.5;7.75,88.5;20.75,59;27.5,21.25;49.25,101.5
447;44.75,19.75;47.5,121.5;64,89.5;72.25,118.25;7.75,88.5;42.25,65;50.25,14.75;50.5,103.75
582;49.5,51.5;51.5,97.5;55.25,97.5;63.75,106;18.5,79.75;22,49;50.25,14.75;50.5,103.75
80;49.5,51.5;51.5,97.5;63,93.75;72.25,118.75;5,95.25;8.5,24.25;50.5,20.25;66.25,97
1107;33.25,73;37.25,102.5;43.75,92.25;45.5,117.75;14,91.25;15.75,18.75;50.5,20.25;66.25,97
1169;24.75,59.25;35,91.75;43.25,74.25;58.5,103.5;5.25,110.75;15.75,18.75;50.5,20.25;66.25,97
1298;21.25,74.5;38.5,92.75;43.75,92.25;69,99.25;8.25,111.75;17.5,24.75;50.5,20.25;66.25,97
1200;22.25,71.25;35.75,74.25;36.25,102;69,99.25;1.5,96.5;7.25,11.25;50.5,20.25;66.25,97
1240;22.75,91.25;38.25,53.75;54.25,93.5;62.25,87.25;1.5,96.5;2.25,31.75;50.5,20.25;66.25,97
574;28.25,93.25;30.5,46.75;33.25,85;55,108;1.5,96.5;4.75,40.5;50.5,20.25;66.25,97
1225;25.25,91.75;30.5,46.75;32.5,99.5;51.5,102;1.5,96.5;25,53.5;36.25,27;61,91
41;21.25,69.5;21.5,29;31.25,99.75;43,102;1.5,96.5;20.5,75.75;45.5,10;61,91
334;2.75,60.25;25.25,42;51.5,102.5;54.25,98;6,91;20.5,75.75;39.5,5.5;61,91
248;6.75,58.75;33.5,46.5;34.5,98.75;54.25,98;18,110.5;25.75,75.25;38,4.5;61,91
424;6.75,47.25;14.75,48.25;23,87;29,103;18,110.5;25.75,75.25;38,4.5;58.75,84.5
902;6.75,47.25;22.5,59.25;33.75,73.75;44.25,91.75;16.75,111.75;25.75,75.25;27.75,27.75;45,72.5
1288;7.75,59.25;22.5,59.25;40.5,85;52,101;16.75,111.75;25.75,75.25;33.75,14.25;40.75,80
1120;20.75,59.25;28,43.5;31.25,92.25;47.25,109.25;16.75,111.75;25.75,75.25;33.75,27.75;39.5,85
49;26.5,40;28.75,34.5;29.25,74.75;47.25,109.25;24.25,119;25.75,75.25;28.75,33.75;42,94.25
1011;26.5,40;30,35;33,100.25;33.75,92.75;24.25,119;46.75,58.5;49.75,40;66.25,102
633;26.5,40;49.75,22.75;50.5,100;54.25,96;24.25,119;40.5,40;45.5,46.75;67,103.75
1168;26.5,40;51.75,20.5;54.25,100.5;64.75,105.25;28.5,102.5;39.25,39;57.25,59.75;67,103.75
1188;27.75,30.75;38.75,21.25;44.25,87;64.75,105.25;28.5,102.5;38.75,58.5;39.25,39;53.5,102.5
951;29,47.5;43,9;44.25,87;69,117.5;28.5,102.5;30.25,58.25;42,32.75;53.25,103.75
395;33.5,30.5;43,9;44.25,87;69,117.5;20,115;42.75,27.25;55,4.5;64.75,73.75
742;33.5,30.5;43,9;52,93;69,117.5;14.5,110.5;30.5,15.75;38.5,1.75;54.75,48.5
1251;16.75,9.25;31.25,31;68.5,87.75;69,117.5;14.5,110.5;30.5,14.5;46.75,2.5;67.25,32
394;3.75,12.75;28.75,47.75;42,92.5;53.75,94;14.5,110.5;37.25,40.75;46.75,2.5;67.25,32
51;23.75,26.75;27.75,23.25;40.75,102.5;64.75,96;14.5,110.5;20.25,49.5;46.75,2.5;67.25,32
626;8.25,48.75;29.5,48;35.75,73;66.5,106.75;7.25,111.25;14,41.25;46.75,2.5;67.25,32
275;2.75,60.25;29.5,48;35.75,73;69.25,97.25;9.75,108.75;15,41.25;28.25,8;50.25,23.5
1102;28.25,71.25;29.5,48;35.75,102;48.75,109.25;9.75,108.75;16.75,36.25;25.5,40.25;60,12.5
722;11.75,89.75;23.5,23.5;35.75,102;46.5,109;7.75,109.25;16.75,36.25;29.75,61.5;58.75,5.5
1115;9.25,89;23.5,23.5;27.75,114.5;38,103;5.5,97.75;15.25,26.25;30.25,47.25;58.75,5.5
930;23.25,75.75;29,21;29,117;50.75,108.75;5.5,97.75;14.5,26.5;22.5,43.25;58.75,5.5
884;9.75,84.75;19.5,23;22.25,104;38.75,99.25;5.5,97.75;24.5,49.5;45.25,44.25;58.75,5.5
818;9.25,87.25;20.25,30.25;26.75,91.75;38.5,91.25;5.5,97.75;23.25,76.75;45.25,44.25;58.75,5.5
517;1.75,112.25;9.25,25.5;26.75,91.75;38.5,91.25;8.25,104.25;38,83.75;47.25,46;48,13.5
443;1.75,112.25;9.25,25.5;25.5,85;28.25,74;27.75,106.25;46.5,59;48.5,32.5;54.75,8.75
401;1.75,112.25;12.5,29;34,102;37.75,74.25;27.75,106.25;30.25,45.75;48.5,32.5;56.75,12.75
916;1.25,112.25;12.5,29;34,102;37.75,74.25;19.25,99.25;20.75,48;33.75,14.25;41.5,27.25
1031;1.25,112.25;12.5,29;38.25,103.5;43,51.25;29.5,112;36.75,58.25;42.25,32.5;45.25,33.5
1126;9.25,86.25;12.5,29;24.25,116;43,51.25;30,85.75;57.25,51.75;63,42.75;66.25,32.5
1222;9.25,86.25;11.75,31.75;25.75,98.5;35.75,74.5;30,85.75;51.25,26;53.25,48.5;54,50.75
1318;28.25,92.5;30,37.5;50.75,107.75;54.75,56.75;20.5,77.75;50.5,25.75;53.25,48.5;54,50.75
1023;9.25,88.5;38.25,30.5;41.25,92.75;66.25,37.5;7,91.25;50.5,25.75;53.25,48.5;62.25,55.75
0;9.25,88.5;43,50;48.5,109.5;66.25,37.5;19.5,114.5;45,33.75;48,49;62.75,53.25
1051;28.25,92.5;29.75,34.5;62,106.25;64.5,40.25;19.5,114.5;39.25,36.75;48,49;62,55
1346;22.5,87;32,37.75;40,91.75;68.5,31.25;6.25,109;20.75,45.25;48,49;62,55
842;9.75,83.25;32,37.75;33.25,113.5;70.5,29.5;6.25,109;7.5,32.75;47.5,51.25;48.75,58.25
932;20.25,69.75;31.25,54.75;36.25,91.75;70.5,29.5;6.25,109;10,24.75;46.75,40.5;62,59
528;17.25,60.25;22,64.25;36,102;62.5,23;14.75,108.75;23.25,38;46.75,40.5;62,59
505;24.5,85.75;25.25,71;31,91.25;47.75,19.25;14.75,108.75;23.25,38;58,49;62.5,78.5
444;26,91.75;30.25,73.75;41.5,92.75;47.25,21.25;7.75,98;23.5,37.5;58,49;62.5,78.5
428;30.25,73.75;42,91.5;50,96;51.75,18;3.75,87.75;39.25,27.5;49.5,46.75;62.5,78.5
339;20.75,72.5;25.75,99.25;42,93.25;51.75,18;22.25,98;39.25,27.5;62,55.75;67.5,85
744;20.75,72.5;29,102.5;37,88.5;48.75,20;35.75,93.25;46.25,33;62,55.75;63,101.5
201;21.75,69.75;25.75,101.75;32.75,74.75;42.75,17.5;35.5,93.75;41,49;62,55.75;63,101.5
782;9.75,89.75;24.5,91.25;39.5,85.5;42.75,17.5;32.5,73.5;43.5,48.75;62,55.75;64.5,112.5
653;11.25,83.5;30.75,86.5;36.5,91.5;42.75,17.5;20.5,56.75;43.5,48.75;57.5,51;63,103.5
126;10.25,81.5;28.25,91.5;29,118.75;42.75,17.5;27,53;43.75,59.75;52.25,52.75;63,103.5
634;10,47.5;29.25,98.75;47,103.5;51,17.5;18,49.5;43.75,59.75;46.75,42.5;63,103.5
550;3.25,47.75;11.25,89.5;34.25,91.25;51,17.5;18,49.5;39.25,79.5;44.25,33;54,88
575;2.75,29.75;11.25,89.5;34.25,91.25;45.25,18.5;24.25,62.75;43.5,66;46.25,32;66.75,102.5
1113;2.75,29.75;5.25,78;23,63.75;33,29;24.25,62.75;45,91.75;49.25,12.75;65.5,96.25
498;4,59.25;23,63.75;24.75,38.5;38,19.75;22.25,49.5;22.75,108.75;42.5,16;65.5,96.25
549;4,59.25;23,63.75;24,17.75;24.75,38.5;10.25,33;14.5,89.75;24,20.5;63.25,82.5
523;2.75,48.75;14.5,49;24,14.75;44,23;10.25,33;16,114;26.75,21.25;63.25,82.5
1226;2.75,48.75;15.5,46.75;24,14.75;70.75,39.25;21.75,49;35.25,94.5;49,34;55.5,83
881;3.5,46.75;11,59.25;24,14.75;70.5,22;21,48.5;42.75,105.5;49,34;50.75,59.75
451;7.25,29.75;11.5,59.25;18,29;70.5,22;21,48.5;30,111.25;35.5,40;44.25,32.5
455;1.25,2.75;9.25,48.75;20.75,22.25;48.75,19.5;15.5,41.5;28.5,116;35.5,40;44.25,32.5
652;1.25,2.75;9.25,48.75;20.75,22.25;60,51.5;9,24.75;10.25,110.75;18.25,9.5;51.5,1.75
1325;1.25,2.75;20.75,22.25;30,44;42.5,50;6.75,26.25;10.25,110.75;48.75,5.5;68.75,7.25
600;1.25,2.75;11.25,13.75;20.5,23.5;25.75,73.5;6.25,26.5;6.5,97.5;48.75,5.5;68.25,19
360;3,30;15.75,8.75;20.5,12.75;22.75,72.5;6.25,26.5;7.25,110.5;48.75,5.5;68.25,19
145;11.25,15.25;23,9.75;26.75,48.25;28.5,91.25;6.25,26.5;28.25,114.25;48.75,5.5;68.5,17.5
203;18.75,11.25;23,23;24.75,44;33.5,88;7.5,31.5;28.25,114.25;54.25,13;68.5,17.5
1018;18.75,11.25;22.25,48.75;26,59.25;30.75,75.75;7.5,31.5;31.5,86.25;47.25,8;54.75,4.75
1017;20.5,15.25;22,48;43.25,36;43.25,91.25;7.5,31.5;7.5,100.75;23.25,6.75;54.75,4.75
879;20,23;22,48;43.25,36;63,103;17.25,67;20.5,77.25;26,21.25;40.75,13.5
694;30,29.25;32.75,54;44.5,47.75;63,103;10.5,49.5;25.5,55.75;26,21.25;47,14.5
1028;8.75,24.75;24.25,70.75;41.5,51.25;47.5,119;10.5,49.5;34,73.5;34.25,15.5;47,14.5
997;23,46.5;30.5,93.25;62,51.25;65,91.25;10.5,49.5;34,73.5;47.75,26.75;53.75,5.75
310;6.25,59.25;46.5,87.5;56,50.5;63.25,87;5.25,24.75;34,73.5;45.5,10;47.75,26.75
434;11.75,83;23,85.5;47,50.25;47.5,114.25;9.25,34.75;22,48;45.5,10;47.75,26.75
839;11.75,83;23,85.5;47,50.25;56.75,97;2.75,24.75;14.25,33.25;52.5,1.25;58.25,6.5
1338;24,93.25;38,91.75;41.5,47.25;49,102.5;9.25,2.25;40.5,39.25;52.5,1.25;58.25,6.5
1114;25,102;38,91.75;44,21.25;53.5,103.5;21.25,21.75;22.25,21;52.5,1.25;60.75,15.25
1043;25.75,104.25;36.75,102.5;44,21.25;53.5,103.5;16.75,36.25;30.5,30;32,2.25;65,39
1198;25.75,104.25;38.25,85;41,17.5;46.5,114.25;16.75,36.25;30.5,30;53,6;67,43
416;24,115.5;31.25,73.25;41,17.5;46.5,85.5;16.75,36.25;21.25,21.75;28.75,7;43.5,65
995;28.25,99.5;29,91.75;41,17.5;57.25,95;0.75,10.5;16.75,36.25;20.5,6.25;38.75,68
376;9.25,88;39,91.25;41,18.5;49.75,108.75;0.75,10.5;16.75,36.25;20.5,6.25;60.5,76
709;26.25,71.25;39,88.5;48.5,19.5;67.25,117.25;3.75,3.75;16.75,36.25;20.5,6.25;44.5,73
243;26.25,71.25;32.25,88.5;52.5,5.5;54.75,96;3.75,3.75;18.75,7;38.25,30;48.5,97.75
1252;24.75,92.25;26.25,71.25;28.5,22.5;47.5,116.75;3.75,3.75;25.5,19.5;28.75,37.5;46,112.5
627;4.25,78;22.25,47.75;29,38.5;64.5,104.5;3.75,3.75;26,19.5;31.25,14.25;46,112.5
1330;17.25,78;22.25,47.75;30.75,23.25;47.5,118;3.75,3.75;51.75,26.5;52.75,8.75;65.25,114.5
245;26.5,102;28.75,45;37.25,53.75;56.25,97.5;9.25,25.25;30.5,7.75;51.75,26.5;65.25,114.5
844;28,93.25;34,48;37.25,53.75;56.25,97.5;2.25,11.5;21.25,19.25;30.75,27.75;58.75,102
811;12.75,116.5;23.5,23;54.5,50.5;64.75,88.75;2.25,11.5;12.25,35.5;30.75,27.75;58.75,102
1176;12.75,116.5;34.5,22.5;54.5,50.5;64.75,88.75;2.25,26.25;7.5,50;17.75,38.25;61.5,112.25
1123;11.25,83;16.25,13.25;27,48.5;69.25,93.25;2.25,26.25;14.25,48.5;26,55.75;61.5,112.25
277;11.25,83;16.25,13.25;27,44.5;47.5,103.5;9.25,48;17.25,26.25;29.5,30;39.75,119.25
556;1.5,108.75;2.5,25.5;3.5,25.5;36.75,74.25;9.25,48;17.25,26.5;29.5,30;38.25,121.25
132;0.5,123.75;9.75,47.75;24.25,39.5;55.75,57.25;0.25,52.5;20.5,24.75;29.5,30;38.25,121.25
318;0.5,123.75;3,25.5;22.75,59.25;32.75,74.25;0.25,52.5;22.25,6.5;30.75,35.75;47.25,91.25
967;0.5,123.75;3.75,13.25;19.75,47.75;31.25,71.25;0.25,52.5;8.25,7.25;36.5,27.5;40,111
572;0.5,123.75;5.75,1.25;40,47.5;47.5,56.75;4.25,40;8,8.25;14.5,44.75;40,111
900;1.25,105;4.75,3.75;26.5,30;53.5,29.75;4.25,40;8,8.25;23.75,79.25;36.5,123
216;1.25,107.25;4.5,25.5;25.25,45;48.25,19.5;4.25,40;7.25,11.25;23.75,79.25;37.25,122.5
1196;1.5,105.5;32,35.25;37.25,53.75;54.25,30.5;4.25,40;7.25,11.25;21.75,109.75;34.75,95
1253;21,103.5;29,37;37.25,53.75;48.25,30.5;4.25,40;12.75,18.75;19.5,79.75;58.5,103.5
256;31.5,116.75;37.25,53.75;40,51.75;45.25,30;4.25,40;16.75,25.75;19.5,79.75;45,112.5
827;24.25,113;30,41;32,64.25;45.25,30;4.25,40;10.75,9.25;15.75,109;67.5,103.5
73;27.25,100.25;32,64.25;34,48;51,48.5;4.25,40;8,6.75;16.25,115.75;66.75,73.75
1086;9.25,82.75;22.25,71;25.25,39.5;47.5,52;4.25,40;8,6.75;27.5,105.25;68,74.25
792;6,60.25;9.75,89.75;14.25,48.75;50,49.75;4.25,40;8,6.75;27.5,105.25;69,72.25
587;8,48;9.75,89.75;14.75,26.75;24.75,59.75;4.25,40;20,19;41.5,105.75;48.75,64
149;8,48;9.75,89.75;21.5,13.25;24.75,59.75;17.75,35.25;44.75,33.5;50.25,103;61.75,74.5
723;8,48;9.75,89.75;21.5,13.25;30.25,74.5;41.75,29;41.75,58.25;62.25,113;64.25,65.25
764;8,48;24.75,102;28.5,31.5;30.5,92.75;45.75,46.5;51.5,51.5;56,102;64.25,65.25
31;8,48;36.75,92.25;38.25,38.25;44.25,104;27.75,58.5;51.5,51.5;58.5,114.75;59,84
878;10.25,24.25;35.75,74;43,51.75;50,96;3,62.25;38,59;58.5,114.75;59,84
1289;18.25,11.25;35.75,74;43,51;63.25,87.75;3,62.25;38,59;58.5,114.75;68.75,78.25
767;21,12.25;45,52;47.25,30.5;56.75,94;3,62.25;56.25,59.75;58.5,114.75;71,75.25
1116;21,12.25;28.5,39;45,52;56.75,94;23.25,79.25;39.25,79;56.75,84.5;64,84
1035;17.75,19.25;22.5,14.25;45,52;56.75,94;14.5,94.75;36,93.5;41.75,104.5;50.25,95.25
795;3.25,16.75;21,11.75;45,52;49,101;0.75,99.5;36,93.5;47.5,102.5;56.75,89.5
781;2.75,30.75;41.25,12.5;45,52;67.25,92.75;1,100.75;44,94.25;47.5,102.5;59.75,86.5
561;21.75,34.5;41.25,12.5;42,48.5;63.75,106.5;8.25,109.25;28.5,111.25;56.75,102;59.75,86.5
1119;7.25,47.75;26,9.5;29,40;63.75,106.5;14,88;30.25,112.25;56.75,102;70.75,65.5
947;13.75,41;18.25,15.25;26.5,38.5;47.25,108.75;2.75,76.25;30.25,112.25;56.75,102;70.75,64
1361;2,46.75;3.25,29.75;10.25,47.75;47.25,108.75;2,64.75;30.25,112.25;49.25,103.5;55.5,50.75
1183;2,46.75;3.25,29.75;10.25,47.75;64.25,95.75;2.75,73.25;10.25,109.25;45,95.25;51,61
1109;2,46.75;3.25,29.75;22.75,48.25;47,121;16,98;20.75,111;31.75,102.75;63.5,59.5
485;3.25,47.75;17.25,15.25;22.75,48.25;47.5,123;10.5,95.5;20.75,111;59,103;67.25,39
759;3.25,47.75;11.25,11.75;19,59.25;36,102.5;2.25,83;10.75,101.5;58.5,113.25;67.25,39
547;3.25,47.75;11.25,11.75;35.75,73;36.75,104.25;8.25,109;14,88;27,113.75;51.25,58.25
576;3.25,47.75;32.75,22.75;35.75,73;53.75,103;4.75,92;11.75,89;36.5,94.75;60,59
294;8,49;32.75,22.75;45,64.25;45,121.25;5.5,97.75;11.75,89;30,102.5;45,67
134;8,49;32.75,22.75;45,64.25;56.75,102;8,101.25;24.25,61.75;41.5,112.25;63.25,59.75
419;8,49;45.25,20;53,49.75;63.5,89.5;8,101.25;24.75,60.5;30.5,111.75;62.5,84
64;9.25,48.25;38.25,30.5;53,20.75;63.5,89.5;1,100;24.75,60.5;28.5,117.5;67.5,89
906;5.75,59.25;15.25,31.25;42.5,4.75;54,93;10.25,110.75;24.75,60.5;34,94.25;67.5,89
651;23.25,37;24.75,42.5;26,11;29.75,117.25;10.25,110.75;34,94.25;44.25,60.75;67.5,89
558;19.75,30.25;21.75,44.5;26,11;32,93.25;10.25,110.75;49.25,92.75;62,54.25;64.25,102.5
17;2.75,7.75;15.25,60.25;20.5,16.25;52.5,93.5;10.25,110.75;22.25,76.75;60.75,58.25;64.25,102.5
963;10.25,24.75;15.25,60.25;20.75,22.75;28.5,100.25;10.25,110.75;22.25,77.75;52.5,51.25;67,101.75
69;13.75,29.75;20.25,72.75;23.75,39;44.25,87.25;10.25,110.75;11.75,48.25;52.5,51.25;62.75,87.5
1238;8.25,5.25;11.75,89;28.25,71.5;31.25,99.25;10.25,110.75;11.5,48.5;43.25,54.5;62.75,87.5
486;6,23.5;31.5,91.25;32.75,85;38.5,99.5;3.75,95.75;11.5,48.5;40.75,64;62.75,87.5
237;6,23.5;10.25,86;31.5,103;43.75,93.25;3.75,95.75;16.75,49.5;33.25,79.75;56.25,103
988;6.75,47.25;29.25,75.5;40.75,92.25;50,94;8.25,111.5;16.75,49.5;43,55.75;56.25,103
452;1,24.5;27.25,78;40.75,92.25;53.75,96.5;8.25,111.5;11.25,50;20.75,61;36,93.5
62;1,24.5;22.5,86;36.75,74;50,99.5;10.75,102.75;11.25,50;20.25,54.25;27.5,105.5
994;8.75,14.25;43.5,102.5;46,48.75;51.75,109.25;4.75,91;11.25,50;20.25,54.25;27.5,105.5
666;14,31;38.5,85.5;40.25,30.5;45,121.5;7.5,87.75;11.25,50;20.25,54.25;28.5,87
625;16.25,18.25;21,85;29.5,38;50.5,103;7.5,87.75;14.5,26;20.25,54.25;47,72.5
110;23.25,30.25;23.25,74.5;26.5,39;50.5,103;7.5,87.75;9.25,25.25;30,54;61.75,55.5
410;12.75,51.25;22.5,58.75;23,18.25;34.25,91.75;11,97.75;19.25,8.5;30,54;61.75,55.5
43;12.75,51.25;22.5,58.75;23,18.25;51.5,94;21.75,111.25;37.5,1.75;56.75,58.5;59.25,54
418;11.75,84.25;20.75,74;23,18.25;23.25,93.25;21.75,111.25;25.5,10.5;55.5,86;63.25,20.25
1210;11.75,84.25;20.75,74;23,18.25;49.5,109.5;19.5,115;29,8.75;46.5,68.5;47.75,2.5
405;34.5,104;36.25,74.5;52.25,19.75;65.25,108;18.5,79.75;29,8.75;34.75,80.25;47.75,2.5
515;26,88;47,101;52.25,19.75;52.5,101.5;2,82.75;29,8.75;38.75,105;47,7.25
1260;34,102;46.5,118.25;66.25,23.5;68.75,87.5;0.25,81.5;29,8.75;38.75,105;44.75,2.5
504;33.5,110.5;46.5,118.25;49.5,5.5;56.25,93.5;3.5,49;29,8.75;32,87;59.25,12.25
496;33.5,110.5;46.5,118.25;49.5,5.5;68.25,108;9.25,48;43,29.5;45.25,58.25;61.75,36.5
1096;32.75,110.75;46.5,118.25;49.5,5.5;65,91;30.25,55;40.75,13.25;44.75,39.5;46,71.5
976;1.5,110.75;23.5,88.5;46.25,30.5;65,91;1,53.25;39.75,2.5;44.75,39.5;62.75,91.5
257;24.5,103.5;25.5,87.5;49,48.5;51.75,107.75;15.25,34.75;39.75,2.5;44.75,39.5;55.75,103
892;24.5,103.5;45.25,88;49,48.5;55,108.5;3.5,49.5;4.75,4.5;51.75,1.5;65.5,113.75
957;24.5,103.5;52,51;52.5,21;55,108.5;8,87.25;10.75,48.5;24.75,7.25;51.75,114.5
1279;9.25,87.75;22.25,48.75;51.75,6.25;68.25,84.75;8,87.25;10.75,48.5;20,6.75;44.75,109.25
636;13.75,110.5;21.75,72.25;47.5,20;68.5,95.25;2.25,78;18.5,77.25;20,6.75;44.75,109.25
609;13.75,110.5;21.75,72.25;53,17.5;68.5,95.25;4.75,91;44.5,68.5;49.75,23.75;62.25,89.5
246;13.75,110.5;29,42.5;53,17.5;68.5,95.25;1.5,64.75;23.75,58.5;61.75,4.5;64.25,63.75
1153;1.75,109.25;47.25,43;53,17.5;68.5,95.25;25.75,56.75;38.75,56.5;55,4.5;59.25,58.5
74;6.5,121.5;13.75,39.75;45.25,19;68.5,95.25;3,75.25;54,84;55,4.5;57.25,85.5
366;1.25,107.25;13.75,39.75;40.5,30.25;50,98;7,100.75;54.5,49.25;55,4.5;62.75,103.5
715;22.25,73.25;30.75,45;44.5,50.5;67.5,119;7,100.75;43.75,59.25;55,4.5;64.25,84.5
753;7,60.25;22,13.75;32.25,75.75;67,107.25;7,100.75;27,32.5;55,4.5;64.25,84.5
315;13.75,39.75;22,13.75;24.75,70.75;69,99.5;7,100.75;15,24.75;60.25,5.5;64.5,102
388;14.25,30.75;21.75,34.5;28.75,71.25;65.5,117;15,87.25;20,3.75;60.25,5.5;64.5,102
1213;18.25,59.25;24.75,58.75;44.75,88.25;46.5,122.75;15,87.25;30.5,7.25;42.5,29.75;64.5,102
711;27,37.5;40,48.75;44.75,88.25;46.5,122.75;1.25,99.5;7.5,7.25;48.5,33;67.75,90.5
441;16.75,19.25;22.5,59.25;33.25,73.25;46.5,116.75;1.25,99.5;15.5,25.75;48.5,33;54.5,88
326;16.75,19.25;29.25,72;32,87.5;35.5,104;1.25,99.5;4.75,34;32.25,10.5;42.25,102.5
1255;11,29;23.75,74;26,88;30.25,104;1.25,99.5;4.75,34;47.5,4.25;47.75,95.75
1236;5,40.25;31.5,91.25;44.5,85;49.5,98;1.25,99.5;2,25.25;30.25,7.5;47.75,95.75
52;10.25,24.5;26.25,93.25;29.75,74.5;31,85.5;1.25,99.5;2,48;12.75,25.75;47.75,95.75
599;16.75,47.25;26.5,103;32.25,87.25;35.25,74.25;7.25,111.75;12.75,25.75;13.25,48.5;47.75,95.75
740;16.75,47.25;25.75,102.75;33,85;45,48.5;7.25,111.75;8.25,4.5;12.25,49.5;28.5,106.25
30;2.75,26.75;21.5,103.5;22.25,70;42,51.5;7.25,111.75;8.5,4;12.25,49.5;24.75,119.25
1291;2.75,26.75;24.25,74.25;25.25,104;42,51.5;1.5,101;10.25,5.25;20.5,78.75;46.5,111.5
378;2.75,26.75;24.25,74.25;27.75,116.75;30,46.5;6.25,110.25;22.25,6;24.75,81.25;41.25,105.75
249;2.75,26.75;9.25,83.5;27,114.25;42.5,49.75;8.25,111.5;22.25,6;38.25,74.5;70.5,112.5
409;1.75,26.75;9.25,83.5;11.75,110.5;53,19.75;24.25,111.25;33,2.25;38.25,74.5;42.25,104
594;1.75,26.75;9.25,83.5;27.25,102;46,23;41,110.5;44,18;47.25,93.75;51.75,103.5
506;16.25,15.25;21.25,103.5;23.25,102;24,15.25;36.25,115;44,18;47.25,93.75;51.75,103.5
168;9.75,58.75;26.5,102.5;39.5,102;53.75,22.75;35.5,120.75;44,18;51.75,103.5;67.25,71
870;9.75,58.75;31,85.5;39.5,102;41,50.25;22,119;24.5,7.5;28.5,102.5;43.5,55.75
663;9.25,88.5;31.25,103.75;34.75,72.75;60,51.25;18,123;24.5,7.5;28.5,102.5;35,73.5
125;23.25,71.25;43.25,86;50.5,50.75;62.5,51.25;18,123;24.5,7.5;38,104.5;45.5,93.25
1027;25.5,92;28.25,103;30.75,54.5;47.5,51;18,123;24.5,7.5;38,104.5;57.75,102.5
724;23,91.25;28.25,103;29.5,40.5;42,51;14.75,108.75;26.25,18.75;38,104.5;63,102
752;9.75,86.25;37.5,88.25;38.5,17.5;49,51.25;14.75,108.75;26.25,18.75;50.5,102.75;55.5,90
1206;9.75,86.25;27,87.75;46.5,5.5;54.25,56.5;30,108.75;41.5,1.25;50.5,102.75;62,84
677;9.75,86.25;27,87.75;52.25,21.25;54.25,56.5;3.25,95.75;38.75,2.5;40.75,103.5;45.25,59.75
258;9.75,86.25;27,87.75;47,6;54.25,56.5;1.5,78.75;30.75,6;52,102.5;55.25,58.5
861;1.5,111.75;32.75,73;47,6;54.25,56.5;2.75,78.25;51.25,26.75;57,88;63.5,59
4;1.5,111.75;46.75,107.75;50.75,20.5;68.5,88.75;4.75,92;42.75,40;48.75,52.75;57,88
184;1.5,111.75;34.5,103.5;42.5,50.25;67,107.75;17.25,120.75;22.75,49.25;48.75,52.75;55.5,102
812;1.75,115.25;25,119.75;42.5,50.25;45.25,87;17.25,120.75;26.5,62.25;47.75,46.5;65.5,113.75
1345;21,91.25;30.75,103.5;45,51.5;68.5,93.25;17.25,120.75;26.5,62.25;56.75,58.5;65.5,113.75
1069;33.25,93.25;42.5,91.25;54.75,56.75;68.75,85.5;10,102.25;27.75,62.25;56.75,58.5;65.5,113.75
1121;28.75,103.5;68.75,92;69.25,33.5;69.25,98.75;20.75,111.25;27.75,62.25;56.75,58.5;61,112.25
284;26.25,60.25;30.75,72.5;33.5,46.5;33.5,98;1.75,78.5;2.75,80.75;56.75,58.5;61,112.25
27;22,65.75;27.25,73.75;33.5,46.5;40.75,93.25;4.75,111.5;8,97.25;56.75,58.5;66,112.25
32;21.75,102.5;28,38.5;29,36.5;32,114.75;16.25,93.75;27.75,102.5;56.75,58.5;66,112.25
163;22,103;30,47.5;33.75,30.75;68.25,118.75;34.25,104.75;43.5,91.25;56.75,58.5;66,112.25
94;21.75,96.25;24.25,70;43.5,48.25;68.25,118.75;34.25,94.5;36.25,115;41.25,49.5;66,112.25
279;21.75,96.25;24.25,70;67,40.25;68.25,118.75;19.5,79.25;36.75,105;38.75,65.5;54,86
1039;21.75,96.25;33.25,48.25;45,48.5;68.25,118.75;29.25,94.5;34.25,93.25;42.5,46;51.75,58.25
393;26.5,98.75;30.25,45;30.75,73.5;68.25,118.75;29.25,94.5;38,104.5;61.5,48.75;69.75,72.25
349;21.25,69;21.75,72;37.25,54.75;68.25,118.75;29.25,94.5;31.75,117.5;33.25,59.75;67.25,41.5
1344;21.25,69;36.75,92.75;37.25,54.75;61.75,104.25;4.25,98.75;5.25,105.5;29.5,55.5;65.75,36
751;18.75,60.25;26.25,118;37.25,54.25;43,103.5;0.75,79;8.75,110.75;29.5,55.5;65.75,36
202;23,87.25;30.25,91.25;37.25,54.25;38,87.25;0.75,79;7.75,111.5;39.25,79.5;65,31
379;24,85.75;24.25,73;37.25,54.25;38,87.25;2.75,69.75;4.25,102.5;22.25,77.25;39.5,40.5
1332;25.25,74.5;34.75,98;37.25,54.25;62,87.5;1,72.75;4.25,102.5;17.5,78.25;53.75,51.75
693;6,59.25;9.25,86.75;33.75,48.75;40,103;1,72.75;4.25,102.5;32,59.5;57.25,51.25
106;6,59.25;9.25,86.75;33.75,48.75;49,101;2,60.75;19.5,76.75;24.75,80.25;44.5,49
1293;6,59.25;26.5,87.25;44.25,29.5;49,101;23.25,44.5;37,59.5;42.5,91.75;58.25,59.25
101;6,59.25;20.75,74;23.75,29.75;68.75,92;22.75,50;38.5,60.5;42.5,91.75;68,49.5
10;7.5,40.25;21.75,72.5;46.25,42.25;50,93;2.75,70.75;38.5,60.5;39,103;68,49.5
1049;3,58.75;32.5,91.75;52.5,21;66.25,94;2.75,70.75;16.5,49;22.25,112;68,49.5
470;28.75,48.25;33.5,92.25;38.25,36;69.25,98.5;2.75,70.75;5,25.75;10.25,98.25;68,49.5
1045;40.5,46.25;45.75,86.5;59.25,30.5;65,91.25;1.75,84;4,24.75;10.25,98.25;68,49.5
607;14,48;28.5,102;41,49;50,98.5;1.75,84;22,25.75;23.75,118.5;68,49.5
1122;3.75,47.75;23.75,110.25;24.5,65.25;56.25,97.5;1.75,84;10.75,33.75;23.75,118.5;63.25,63.25
1166;3,29.25;23.5,102;24.75,92.25;56.25,97.5;3,74.25;26,54;27.25,118;63.25,63.25
199;3,29.25;31.25,103.5;37.25,104;42.25,102.25;11,94.5;22.5,49.5;27.25,118;64.75,52.75
14;7.75,12.75;35.75,100.25;37.25,75.5;50,96;11,94.5;26.75,20.25;27.25,118;43.25,46.75
1215;20.5,9.25;30.5,91.75;32.5,96.75;55.75,95.5;2,82.75;3.25,24.25;27.25,118;43.25,46.75
938;27,29;30.5,91.75;32.5,96.75;55.75,95.5;3.25,91.25;13.75,24.25;20.75,112.25;39.25,27.5
1141;15.75,11.25;30.75,110.75;31.75,73.75;55.75,95.5;3.25,91.25;6,24.75;42.25,110.75;45.75,10.75
1354;17.75,11.75;31.25,100.25;47,57.25;49.5,109;3.25,91.25;27.75,31.5;42.25,110.75;52.25,4.75
1073;8.75,10.25;35.25,97.25;47,57.25;49.5,109;5.25,92;17,21.25;29,111.25;36.25,14.75
1281;16.25,10.25;35.25,97.25;41.5,46.5;47.5,120.5;14.5,110.75;23.75,22.25;31.5,85;36.25,14.75
1186;23,30;43.5,87;49.25,22.75;51,95.5;21,77.75;23.75,22.25;32.5,121.5;36.25,14.75
459;3,25;11.25,83.5;16.5,29.25;54.25,102;21,77.75;23.75,22.25;58,112.5;60.75,21.25
81;29,30.5;30,102.5;42.25,4.5;53.75,94.5;17.25,115.75;23.75,22.25;58,112.5;68.75,19
635;3,46.5;20.5,93.25;42.25,4.5;53.75,94.5;7.25,110;42,48.75;49.5,112.5;49.75,12.25
555;1,24;13.25,60.25;65.25,21.5;68,97.5;7.25,110;42,48.75;42.25,104;49.75,12.25
300;1,24;11.75,81.5;41.25,35.5;59.25,98.25;7.25,110;16.5,25.25;41,105.75;46,28
440;1,24;28,91.75;33.5,65.25;49,98.5;7.25,110;45.25,28.25;46.75,94.25;63.5,45
1060;1,24;2,108.75;23.25,74.25;43.5,86.5;10.75,109.5;12.75,25.25;27.5,102.75;63.5,45
971;1,24;2.25,111.25;36.75,103.25;45.25,88.25;30.25,93.75;31,7.25;34.75,120.5;63.5,45
770;15.75,14.25;33,119.75;34.75,92.75;60.5,51.5;30.25,93.75;31,7.25;49.5,112.25;51.25,26.75
138;29.75,22.75;31,103.5;54.25,101.5;70.25,22;23.25,120.5;26.25,20.75;30.25,93.75;51.25,26.75
964;41.5,12.75;55,103.5;64.75,91.5;66.25,24.5;23.25,120.5;26.25,20.75;37.25,79.75;50.5,25.75
1080;20.5,12.75;44.75,102.5;63.25,106.25;66.25,24.5;18.25,115.25;26.25,20.75;61.25,85.5;63.75,52.25
464;6.75,3.75;32.25,73.25;36.75,99.5;66.25,24.5;18.25,115.25;28.75,8;52.5,53;58.25,58.5
973;6.75,3.75;26.5,43.5;29.5,91.75;44.75,4.5;18.25,115.25;47.25,8;54.25,49.5;63,42
883;17.25,18.25;38.5,23;44.25,87;70.75,29.75;28,87;47.25,8;54.25,49.5;63,42
272;26,17;26.5,30;33.75,91.25;70.75,29.75;23.5,93.75;26.25,20;31.25,79;63,42
140;32,29;33.75,30.25;35.25,74.75;64.5,20.5;1.5,79.75;26.25,20;38,104.5;63,42
133;15.25,31.75;17.75,14.75;24.75,73.25;64.5,20.5;1.5,79.75;41.25,30;47,113.25;48.75,50.5
33;10.75,59.25;21.75,23.25;42.5,91.75;49.5,20.75;1.5,72.25;41.25,30;48.25,114.25;48.75,50.5
425;11.75,81.25;28.5,35;42.5,91.75;49.5,20.75;9.25,89.5;31.75,2.5;39,113.25;46,71
728;27,63.75;28.5,35;42.5,91.75;49.5,20.75;3,73.75;37.25,14.25;44.75,114;45.5,93.25
1181;27,63.75;29.25,23.25;32.75,112;41.5,48.5;0.25,75;37.25,14.25;41.25,109.75;58.75,101.25
1343;9.25,89.75;19.75,37.5;20.75,93.25;65.75,29.5;0.25,75;17.75,36.5;41.25,109.75;59,84
660;24,87.5;24.25,39;25.25,70.5;65.75,29.5;23.25,79.25;24.25,49.5;30,85.25;59,84
848;21.25,72.75;26,17.5;48.5,51.5;49.5,57.25;22.75,50.25;23.25,79.25;30,85.25;59.25,73.75
471;2.5,59.25;8.75,16.75;49.5,57.25;56.5,30.25;22.75,50.25;36,104.25;44,110;45,95.25
1024;20.25,73.5;21,29;28.25,73.5;56.5,30.25;20,25.5;21,79.25;30.75,116.5;44,110
131;2.25,59.75;20.5,16.25;40.75,91.25;51,29.75;2,50;21,79.25;23.25,119.25;44,110
1001;2.25,59.75;24,14.25;32,91.75;33,46.5;4.5,32;7.5,101.5;15.5,90.5;44,110
1134;2.25,59.75;23,13.25;40.5,103.5;42.5,49;7.5,35.25;7.5,101.5;27.25,118;39.5,84.5
970;14.5,31;14.75,29.75;29.75,98.75;42.5,49;12.25,49.5;20,94;27.25,118;60.25,102.5
215;1.25,3.75;30.75,34.5;62.25,105;70.25,31.25;12.25,49.5;23.75,75.75;44.5,114.25;60.25,102.5
1192;8.25,12.75;42.25,17.5;62.25,105;65.25,21.5;12.25,49.5;22.75,115.75;32.5,104;39.25,109.25
1299;3.75,3.75;26.5,47.5;62.25,105;65.25,21.5;2.5,13.25;5.75,112.25;8.75,109.75;69.25,102.5
115;3.5,25.5;23.5,97.75;26,64;62.5,51.75;2.5,13.25;5.75,112.25;30.25,67.25;39.25,69
53;3,30;47.25,109.75;50.5,50;64,37.75;2.5,13.25;4.25,92;30.25,67.25;37.5,60
516;11.25,14.25;47.25,109.75;50.5,50;64.75,22;4.75,13;10,102.75;39.25,78.75;47.25,44.5
281;13.75,9.25;34.75,113;63.75,40.5;64.75,22;4.75,13;31.75,118.75;45,72.5;62.25,42
855;22,29.25;38.25,111.25;41.5,29.25;50.75,22.75;24.25,19;31.75,118.75;52.75,59.25;62.25,42
1205;18.25,18.25;31.75,92.25;32,34.75;42.5,49.25;17.25,46.25;20.25,118.75;52.75,59.25;62.25,42
2;39,17.5;43.75,87.25;44,52;69,36;17.25,25;20.25,118.75;62.25,42;64,70.75
603;11.25,11.25;24.5,85.25;52.25,19;70.75,19.25;17.25,25;17.75,110.75;44.5,64.5;62.25,42
1042;11.25,11.25;15,59.25;42,49.5;47,6;4.75,4.5;17.75,110.75;41,34.25;57.75,50.5
311;14,29;20.5,30;44,64;65,29.75;4.25,4;17.75,110.75;38.5,4;57.75,50.5
687;24.75,40;30,39;45.5,49.25;63.75,38;0.25,2;23.75,120;38.5,4;57.75,50.5
640;13,46.5;23,11.75;57.25,30.5;58.5,30.25;0.25,2;32,104;38.5,4;43.5,68
302;16.75,59.75;46.5,22.5;51.5,17.5;65.5,37.75;0.25,2;32.25,119;38.5,4;51,60
346;0.75,43;38.5,38.5;44.5,49.75;68,27.25;0.25,2;14,90.5;38.5,4;65,93.25
165;14.5,46.75;22,59.25;38.5,38.5;68.5,27;15.75,25.25;25.25,78.75;47.25,28.25;65,93.25
835;3.75,60.25;11.75,83.75;48,22.5;68.5,27;4,3.5;41.75,65.5;47.25,28.25;54.25,103.5
289;3.75,60.25;28.5,103.5;48,22.5;68.5,27;3.5,10;46,67;59.75,53.25;65.25,89.5
108;3.75,60.25;12.25,116;46.75,18.75;46.75,43;20.25,6;24.5,48.5;59.75,53.25;69.5,112.25
743;2.25,59.75;25.75,103;29.25,47.75;46.75,18.75;20.25,6;41.25,39.25;64.25,87.5;65.25,90.5
382;2.25,59.75;25.5,91.25;29.25,47.75;46.75,18.75;33,2.25;52.25,51.75;58.75,102;59.75,103
1212;2.25,59.75;26,86.25;36.75,75.5;45,51.25;33,2.25;58.75,59.25;68.25,78;69,112.5
352;22.5,59.75;26,86.25;27,41.5;32.25,73;41.5,27.75;44.5,39.75;48,49;69,112.5
507;22.5,59.75;36.5,92.75;39.5,53.75;55,57.25;39,60;40.75,66;43,27;69,112.5
542;30.25,71.75;38,86.5;46,51.75;68.75,26;39,60;40.75,66;68.5,35.5;69,112.5
1242;32.5,99.5;33.75,91.25;35.75,54.5;41.5,47.25;37.75,28.75;40.75,66;64.25,20.75;69,112.5
124;30,102;32.75,103.5;36.25,54.25;43,50;30.25,47.25;47.75,89.75;64.25,20.75;69,112.5
1100;25.25,98;32.75,103.5;36.25,54.25;43,50;36.25,26.25;41.25,120.75;52.25,21.5;58,112.5
35;25.25,98;36.25,72.5;39.25,93.25;43,50;36.75,59.25;41.75,110.75;48.5,25;65.75,96.5
586;46,117;55,52;64,88.25;66.75,39;2,53.75;41.75,110.75;49.75,59.25;65.75,96.5
102;25.75,113.25;32.75,54.5;38.25,103.5;66.75,39;5.5,48.5;22.75,116;42.5,36.75;65.75,96.5
838;25.75,113.25;38,65.75;56.75,93.5;66.75,39;8,34;46.5,111.25;49.5,34.25;65,114.25
37;1.75,123.75;6.5,46.75;53.25,107.75;70.5,21;8,34;27.5,109;57.5,5.75;65,114.25
363;1.75,123.75;22,18.25;63.5,89.5;71.25,26.5;15.75,9.5;22.25,110;54.25,8.75;65,114.25
489;1.25,109.25;6.25,10.25;33.25,86.25;50.75,19.25;15.75,9.5;38.25,74.5;45.25,45.5;65,114.25
565;6,121.5;16.25,8.75;33.75,98.75;51.5,18.5;15.75,9.5;34.75,58.25;40.75,80;65,114.25
1167;9.25,87.5;34,31;34,102.75;70,35.25;2.25,13;10.25,34.25;40.75,80;65,114.25
1057;44.5,102.5;45.5,6;48.75,108.25;68,43;2.25,13;10.25,34.25;62.5,59.5;65,114.25
729;24.25,92.75;45.25,18.5;49,99;68,43;19.25,7.5;21,76.75;46.25,53.5;65,114.25
147;27.75,91.75;38.25,30;40,63.75;43,49;2.5,31.75;21,76.75;46.5,39.25;65,114.25
474;32.5,96.75;37.25,22.75;50.25,30.5;68.5,43;2.5,31.75;15.5,91;46,40.25;65,114.25
1270;24.25,74.25;26.75,30.25;46.25,5.75;48.5,52;12.5,36.25;30,87;46,40.25;65,114.25
958;1.25,106;9.25,30.75;26,13;51.25,19;8,25.25;25.25,81.25;46,40.25;65,114.25
1041;1.25,104;2,41.5;26,13;51.25,19;11.5,34;20.5,56.75;21.25,19.75;56.5,103
1084;24.75,92.25;26,13;27.5,42.5;70.75,26.25;2.75,52.75;5,49.5;51.25,4.5;56.5,103
580;31.25,72.75;32.5,29.25;54,57.5;71,20.75;22.5,39.5;33,38.25;51.25,4.5;56.5,103
500;46.75,43;58.5,51.5;61,51.5;71.25,28;20.5,39.25;30.75,27.25;51.25,4.5;56.5,103
1294;16,41.5;53.25,21.25;58.5,51.5;68.5,26.5;42.25,46.75;47.75,14.25;53.75,4.75;56.5,103
286;6.5,59.75;22.75,19.25;29,65.25;68.5,26.5;39.25,65;42.5,16.5;47.25,14.25;56.5,103
615;21.75,74.75;22.75,19.25;54.25,94.5;68.5,26.5;38.75,67.5;47.75,45.75;48.5,13;62.25,103.5
160;20.75,71;21.75,37;41.25,92.25;68.25,43;37.25,39.75;38.75,67.5;49.5,1.75;62.25,103.5
583;20.75,71;53,29.75;55.75,101;57.5,52;30.25,46.75;38.75,67.5;55.75,4.25;57.5,113.75
159;14.25,47.25;21.5,46.75;27,119;43.25,86.25;30.25,46.75;38.25,93.25;55.75,4.25;57.5,113.75
688;5.75,23.75;9,30.5;32.25,88.25;55.25,102.5;16.75,44.75;43.25,64;55.75,4.25;57.5,113.75
960;1.25,7.25;19.75,22.25;22.25,102;55.25,102.5;19.25,54.25;45,72;47.25,13.25;57.5,113.75
578;15.75,15.25;21.25,48.25;27.75,99.5;31.5,112.25;19.25,53.25;34.75,95;47.25,13.25;57.5,113.75
1118;23.5,10.75;24.75,43.5;27.5,102.5;52.25,107.75;3,54.75;42,103.25;47.25,13.25;57.5,113.75
344;11.25,6.75;26,12.5;29.75,93.25;68.75,88.5;13.5,35.5;45.75,101.5;47.25,13.25;57.5,113.75
1010;11.25,6.75;51.5,20.75;54.25,101;55.75,98;5.5,25.75;44.25,114.5;47.25,13.25;54.75,114.25
699;21,23;50.25,30.5;58.5,93;63.25,88.75;5.5,25.75;41,106.25;47.25,13.25;64.5,84
927;1.75,1.25;57.5,51;62.25,106.5;72.25,118.75;5.5,25.75;23.25,94;58.75,6.5;64.5,84
1350;1.75,1.25;30.75,34.5;33,119.75;39.75,103;1.75,8.5;7.75,109.5;58.75,6.5;69.5,112.25
178;16.75,18.25;18.5,46.5;66.5,94.5;66.75,91;1.75,8.5;18.25,116.25;58.75,6.5;69,102.5
13;21.75,22.75;46.5,20.75;55.75,98.5;62,87.75;9.5,49;18.25,116.25;20,24.5;69,102.5
864;8.75,3.75;32,42.25;55.75,98.5;62,87.75;1.25,84;4.75,96.5;46.25,21.5;54.5,89
1037;8.75,3.75;27,30;31.25,113.25;51.75,109.25;4.75,96.5;17,68.25;52.75,59.75;59,68.75
937;8.75,3.75;27,30;52.5,101.5;70.5,118;4.5,95;15.5,49.5;50.25,92.75;68.5,41
672;13.5,29.25;21.5,9.25;24.75,103;70.5,118;4.5,95;16.75,25.75;49.75,113;56.75,59.25
445;13.5,29.25;21.5,9.25;27,88.25;70.5,118;13.5,94.25;14.75,34.5;23.75,119.5;24.75,79.25
1053;24.25,71.75;42.5,6;47,120.5;56,108.75;13.5,94.25;14.75,34.5;23.75,119.5;40,87
641;38.5,104;52.5,20.75;65,106.75;68.75,91.5;13.5,94.25;14.75,34.5;23.75,119.5;45.5,97.75
737;37.5,93.25;63.75,39.5;65,106.25;66.25,108.75;13.5,94.25;14.75,34.5;15.25,109.75;60.25,101.5
779;37.5,93.25;52.5,50;56,108.5;66.25,108.75;41.75,66.5;53,1.75;54.75,101.5;60.5,76
726;35.75,103.5;46.75,17.5;51.5,108;63,93.75;38.75,64.5;45.25,11;54.75,101.5;60.5,76
1067;44.5,91.75;49.5,22.5;51.5,108;63,93.75;13,36.25;59.5,4.25;66.75,90.5;68,46.5
179;26,98.5;33.75,48.25;34,92.75;46.5,87;19.25,20;35.75,1.5;66.75,90.5;68,46.5
564;1.25,113.25;20.75,70;62.5,88;65,108.25;24,49;56.75,12.75;66.75,90.5;68,46.5
96;2.25,113.25;25.75,102.5;41,102.5;66.75,106.5;2,73.75;23.75,7.25;66.75,90.5;68,46.5
228;2.25,113.25;25,85.75;33.75,115.5;47,117.5;2,73.75;24,24.25;40.75,79.5;71,76.5
1316;2.25,113.25;30.25,71.75;38.5,103.5;50.5,93;2,73.75;17.75,36.5;31.5,85.75;47,73
93;24,115.5;28.5,99.5;30.25,74.5;66.5,117.5;2,73.75;19.25,45.25;42,89.75;47,73
331;34.75,93.25;39.5,86.25;40.25,74.25;73.25,117.25;2,73.75;19.25,45.25;42.5,90.25;47,73
47;27.75,65.5;34.75,99.25;52.25,56.75;73.25,117.25;2,73.75;24.75,53;38.25,111.25;63,59.5
429;14.5,48.5;32.25,72.75;40.5,85;42.5,102.5;31,74.5;33.75,59.25;38.25,111.25;63,59.5
296;4.75,51.25;21.25,69.25;23.25,75.75;40.25,87;31,74.5;33.75,59.25;40.75,102.75;49.5,54
1097;4.75,51.25;21.25,69.25;37.75,103.5;43.25,85.5;1.25,60;37.25,80.25;48.75,91.25;49.5,33.75
1036;17.75,60.25;30.75,71.75;45.5,122.75;63.5,106;1.25,60;38.75,80.25;41.25,102.5;49.5,33.75
875;11.75,83;29.25,98.75;33.5,120.75;50.25,108.75;1,62;37.75,60.75;41.25,102.5;49.5,33.75
19;37.75,54;38.25,103.5;39,111.25;45,114.25;12.5,26.25;35,60.25;41.25,102.5;49.5,33.75
208;28.25,47.75;45,122;63.5,95.5;66.25,91.75;4.5,34.5;35,60.25;41.25,102.5;49.5,33.75
819;38,20.5;57.25,95.5;64,106.25;66.5,96.75;4.5,34.5;35,60.25;43,112.5;45.75,14.75
905;18.25,10.25;57.25,95.5;64,106.25;66.5,96.75;17,50;24.75,78.25;42.5,105.75;53.75,13
978;5.25,7.75;49.25,109.75;52.5,102;66.5,96.75;2.75,60.75;29.5,56;42.5,105.75;58,7.25
571;2.5,30;33.75,114;51.5,102;66.5,96.75;15.25,44.5;16.25,48;42.5,105.75;50.25,14.25
1287;2.75,7.75;26.75,93.25;44.5,86.5;66.5,96.75;1.5,35.5;6.75,34;42.5,105.75;45.5,21.75
934;18.25,16.25;46.75,86.5;64.75,96.5;66,117.5;11,49;12.75,45;42.5,105.75;45.5,21.75
671;3.25,7.75;34,110.5;46.5,117.75;70.5,119;11,49;15.5,43.25;38.25,109.25;45.5,21.75
1050;22.25,22.75;25.5,85.25;46.5,117.75;70.5,119;21,49;38.75,72;45,112.5;62.75,20.75
780;21,30;28.25,92.25;46.5,117.75;70.5,119;32.5,59;36,105;36,122.75;43.5,1.75
682;16.25,9.75;28.25,92.25;53.75,102.5;70.5,119;14,43.25;16.75,109.25;27.5,118;39,45.5
840;15.25,48.75;34,102.25;66.75,95;73.25,118.75;14,43.25;16.75,109.25;41,104.75;51.5,61
921;27,30;47,101.5;49.5,100;63.5,103;14,43.25;16.75,109.25;40.5,104;58.25,85.5
324;27.25,74.5;35.25,54.75;54.25,94.5;55.25,95;14,43.25;16,98.5;40.75,106.25;58.25,85.5
1146;2,74.25;7.25,59.75;31.75,86.75;55.25,95;14,43.25;16.5,120;38.75,121.25;44,110.5
129;2.25,105;14,48.5;29.25,93.25;54.5,107.75;2.75,57.75;16.75,109.75;38.75,121.25;44,110.5
873;20.5,103;41,63.75;63,93.75;65,118;1.75,26.25;14.5,110.25;38.75,121.25;44,110.5
961;27.75,104;32.75,86.5;34.75,91.75;68.25,117.75;1.75,26.25;23.75,114.25;38.75,121.25;61,102
619;28,98.75;32,93.25;35.75,91.75;50,97.5;1.75,26.25;21.75,110.25;37,103.75;61,102
604;12.75,112;28.5,104;28.75,98;38.5,88.5;1.75,26.25;21.75,110.25;37,103.75;53.25,102.25
598;21.5,87.25;24,93.25;26.75,115;27.5,103;11.5,32.5;21.75,110.25;37,103.75;65.5,83
45;28.25,72.25;28.5,115.5;31.25,111.25;47,52;4.75,24.75;21.75,110.25;37,103.75;47,72.5
303;24,85.25;33.5,103.5;47.5,122.25;65.5,22.25;4.75,24.75;15,91.75;30,110;47,72.5
944;25,64;34.25,54.75;47.5,122.25;48.75,18.75;12,44.25;14.5,42.5;30,110;63.75,58.25
643;8,30.5;52.5,56.5;66.25,118.25;71.25,27;12,44.25;41.25,28;44.5,114.25;63.75,58.25
116;5.75,3.75;52.5,56.5;66.25,118.25;68.5,27;41.5,46.75;48.5,40.75;53.25,113;65,34
1062;5.75,5.25;20.25,47.25;46.5,121.75;48.75,19.25;14,3;30.25,55;53.25,113;65,34
173;15.75,16.25;46.5,49.75;46.5,121.75;52,4.75;14,3;30.75,27.25;36.75,72.5;47.25,50.5
430;15.75,16.25;27.5,44;46.5,121.75;51,5;2.25,33.25;42.75,2.5;49,33.75;64.25,49.75
491;7.25,29.75;15.75,13.25;46.5,121.75;52.25,18;2.25,33.25;28,1.25;52,13.25;67.25,78
701;7.25,29.75;15.75,13.25;36.75,101.75;71.25,33.5;3.75,3.25;22,21;28.5,9.25;70.25,113.5
174;23,22.5;24,11.25;34.25,73.25;50.75,21.25;3.75,3.25;28.5,9.25;42.5,28.25;57.75,89.5
490;18.25,8.75;23,22.5;46,51;69.25,28;3.75,3.25;17.75,6.5;39.5,2.25;67.25,102
719;10.75,16.75;23,22.5;31.25,86.25;69.25,28;16.25,42;34.75,39.25;36.5,30;46,60
329;10.75,16.75;23,22.5;31.25,86.25;68.25,29;13.25,11;24,60.25;57.5,14;62,55.75
223;9,48.5;10.75,16.75;55,108.75;68.25,29;11.5,48;12.75,20.25;43.5,45.25;46,45.5
44;9,48.5;10.75,16.75;55.5,109.75;70.75,26.25;3,24.75;14,9.25;27,18.75;52.75,7.25
563;9,48.5;10.75,16.75;55.5,109.75;64.25,38.75;3,13;3.25,4;41,5;45.75,32
982;10.25,82;19.5,22.5;24.5,103;68.75,40.75;3,13;7.5,7.25;45.75,32;52,2.25
225;10.25,82;19.5,22.5;31.5,88;68.75,40.75;12.5,25.25;16.75,36.25;23.5,6.5;52.75,2.5
676;1.75,111.25;15.25,19.25;31.5,88;68.75,40.75;46.25,14.25;46.5,71.5;60.75,12.75;68.75,18.25
801;1.75,111.25;3.25,16.75;30.25,111;40.5,49.75;2.75,25.75;11.75,48.75;60.75,15.25;68.75,18.25
929;25.25,114;30,43;32.75,92.25;45,52;2.75,25.75;11.75,48.75;50,4.75;62.75,58.25
986;26.5,86.5;27.75,29.75;33,103.5;42.75,12.75;2.75,25.75;11.75,48.75;47.5,4.75;53.5,51.5
1245;29.25,103.5;31.25,73;39.5,102.75;42.75,12.75;2.75,25.75;40.75,49.5;43.5,44;55.5,14.25
494;25.5,112.25;25.75,100.25;31.25,73;43.75,17.5;20.75,3;28.25,41.25;39.25,78.25;55.5,14.25
836;9.25,86.5;20.5,102;37.75,74.5;44.5,6;18.75,49.5;29.75,2;39.25,78.25;55.5,14.25
112;23.5,87.75;34,103.75;39.5,103;53,20.5;3,75.25;29.75,2;39.25,78.25;53.25,14
1221;36.5,65.5;36.5,92.75;53.25,107.75;69.25,32.75;19,49.5;30.5,14.5;39.25,78.25;53.25,14
1163;36.5,92.75;41,54;59.25,95.25;69.25,32.75;3,55.75;31,15.25;42.75,49.25;52.25,8.75
292;24.5,87.25;45.25,86.5;68.75,93.5;71.25,32.75;3,55.75;31,15.25;48,32.25;51.25,13.5
1009;10.25,59.75;21,87.5;39.75,74.25;48.25,22.75;3,55.75;15,6.5;40,6;48,32.25
1282;10.25,59.75;22.5,86.25;53,51;62.75,22.75;3,55.75;5.25,25.75;11,4;24,18.5
1007;22,17.25;31,85;50.75,19.25;70.75,19.25;3,55.75;5.25,25.75;15.75,9.5;28.5,1.25
610;3.25,7.75;33,100.25;38,23;56,49.75;1,1.25;3,55.75;5.25,25.75;28,20.5
798;21,13.75;22.5,88.5;24.25,73.25;52,52;1,1.25;6.25,49.5;10,48.5;28,20.5
807;16.5,30;22,85.25;22.5,48.5;22.75,73.25;1,1.25;2.25,31.75;25.75,79.25;28,20.5
985;1,24;22.5,48.5;23.75,93.25;26.75,71.25;3.25,24.75;9.25,2.25;10,91.25;28,20.5
449;3.5,25.5;21,9.75;21,46.75;42.5,92.25;3.25,24.75;9.25,2.25;18.25,120.25;22.25,38.25
407;9.25,85.5;11.25,13.25;32.25,74.5;34.75,104;3.75,2.75;14.75,25.25;18.25,120.25;22.25,38.25
270;11.75,87.75;29.5,44.5;47,103.5;68.75,105;1.75,11.5;14.75,25.25;18.25,120.25;20.5,55.25
825;25.25,73;26.75,26.75;59,103.5;67,118;1.75,11.5;6.25,25.5;18.25,120.25;37.75,60.25
1064;40.5,47.75;43.75,5.75;46.5,85;47,123;1.75,11.5;5,39.75;6.25,88;37.75,60.25
849;43.5,102;45,47.75;47,120.5;62.5,88;1.75,11.5;26.5,32.75;37.75,60.25;46.25,102
911;11.75,110.5;21.5,85;24.5,85.75;49,98;20.5,6.75;21.25,21.75;37.75,60.25;46.25,102
1078;2.25,123.5;29,104;49.5,99;73.25,118.75;21.25,21.5;30.75,28.25;37.75,60.25;46.25,102
882;2.25,123.5;53.25,109.25;56,51;73.25,118.75;27.75,21.5;34.75,2.5;48.25,102.5;61,102
148;22,104;24.75,71;53.25,109.25;73.25,118.75;5.75,24.75;8.5,26.25;30,124.25;42.75,109.25
860;38.25,102.5;54,30.25;64.75,94.25;73.25,118.75;8,1.5;8.5,26.25;20.5,114;38,104.25
83;26.25,119;41.5,6;45,50;47.75,107.75;3.5,34.5;8,1.5;24.25,120;38,104.25
950;30.75,86.5;41.5,6;45,50;66.25,101.25;8.75,98.25;57,51;62.25,55;66.5,39.5
1312;24.75,59.75;41.5,6;46.25,85;57.5,93;47.5,112.25;56.25,58.25;57,51;69.25,50.25
66;33.5,30.5;43.25,8.75;46.25,85;54.75,98.5;18.5,115.5;47.75,95.25;52.75,13.5;69.25,50.25
710;22.75,30.25;23.5,13.75;46.25,85;68.75,91;10.25,110;33,93.5;46.25,14.25;69.25,50.25
605;23.5,13.75;30,42;46.25,85;64.25,89.25;0.5,77.75;28.75,102.5;29,2.25;66.25,20.75
499;23.5,13.75;24.25,70.5;27,88.25;28.5,103.5;0.5,77.75;32.25,73.25;58.75,5;63.75,21.25
273;21.75,47.25;22.75,40.5;23.75,92.25;24.25,60.25;2,110.75;3.75,88.5;58.75,5;63.75,21.25
1016;21.75,47.25;22.75,40.5;23.25,75.75;23.75,92.25;30.5,109.25;47,68.5;50,4.25;67.25,41.25
617;4.5,25;7.25,16.75;7.25,47.25;55.5,108.5;30.5,109.25;46.5,67;58.75,20.25;67.25,41.25
1182;5.25,5.25;9.75,30.25;11.25,12.75;55.5,108.5;0.5,105.5;46.5,113.75;58.75,20.25;68.25,42.75
718;5.25,5.25;11.75,31;49,4.75;55.5,108.5;7,104.5;7.75,108.75;28.25,6;36.25,58.5
909;5.25,5.25;11.75,31;52.75,19.75;55.5,108.5;8.25,103.75;15,111;29.25,7;43.25,49.25
725;6.25,1.25;19.25,22.25;20.5,9.25;21,88.25;8.25,103.75;15,111;24,49.5;34,15.25
933;6.25,1.25;7,25.5;49,29.75;49.75,109.25;12.75,41;15,111;26.75,40.25;33.25,26.25
508;6.25,1.25;24,85.75;41,17.5;50.5,102;12.75,41;29,111;40.5,105.75;51.75,2
262;6.25,1.25;33,120.25;33.75,29.75;69,117;13,18.5;29,111;65.5,101.5;67.25,38.25
637;40,23;47,116;48,4.25;50.5,108;14,25.75;29,111;66,92.25;67.25,38.25
465;15.5,29;20.75,72.75;28.5,31.5;47,116;1,84.25;19.5,118.5;20,78.75;67.25,38.25
207;2.25,7.75;14.75,30.75;34.25,49.25;45,122;1,84.25;53.25,103.25;62,103.5;67.25,38.25
438;6.25,7.75;17.25,12.75;55,29.25;55.25,98.5;1,84.25;46.5,109.5;48.5,102.5;67.25,38.25
673;13.75,30.75;14,60.25;21,29;51,57.25;0.5,103.25;47.5,111;48.5,102.5;67.25,38.25
867;4.75,25.25;26.75,73;45,5.5;66.75,29;11.25,112;30.25,110.25;48.5,102.5;67.25,38.25
512;20.75,31.25;36.5,91;45,5.5;66.75,29;21.25,119.25;23.75,120.5;28.5,115.25;52.5,60
739;22.25,29.75;50.5,97;51.5,21;69.25,32;6.75,110.5;23.75,120.5;36,104.25;52.5,60
219;24,12.25;36,92.75;51.5,21;69.25,32;23.75,108.75;36.75,124.25;37.25,123.75;40.75,72
397;14,30.5;24,103;32.75,54;49,20;16.75,109.75;36.75,124.25;37.25,123.75;65.25,84.5
1025;4,25.5;39.5,95.75;45,50;51.25,29.5;16.75,109.75;36.75,124.25;41.25,105.5;48.25,101.5
383;21.75,43.5;31.5,103.5;67.75,33.25;68.25,36.25;19.25,61.75;33,104;36.75,124.25;48.25,101.5
943;3.5,60.25;6.5,120;21.5,18.75;22.5,17.75;20.75,61;33,104;36.75,124.25;42.75,64
337;28.25,92.75;43.75,74.25;59,51.75;70.75,19.75;11.25,2.25;33,104;36.75,124.25;62,86
1254;9.25,82.5;24.25,73.25;26.5,43;70.75,19.75;23.5,10.5;23.75,116.25;24.25,120.25;62,86
1243;10.25,85.5;24.25,73.25;26.5,43;52.75,18;2.75,49.5;16,115;40.5,105.75;62,23.75
847;27.75,96.25;28.25,47.75;40.5,29.25;44,4.75;2.75,49.5;4.25,91.25;40.5,105.75;69.75,44
172;27.75,96.25;40.5,29.25;43.5,51.5;48.5,17.5;2,79.75;3.75,49.5;51.75,114;57,14.5
980;9.75,84.75;23.5,12.75;23.75,39.5;51,48.75;1.25,99.5;3.75,49.5;19,114.5;57,14.5
60;2,114.75;23.5,12.75;34.75,54;66.5,28.25;5.75,111.25;19,7.75;19,114.5;48,1.75
775;26,111.5;29.5,42.5;46.25,85;70,31.25;14.5,110.25;19,7.75;23.25,114.5;48,1.75
777;6.5,121.5;31,92;37,102.5;70.25,32.75;1,71.25;4,35.5;23.25,114.5;48,1.75
908;25,65.25;34.25,74.5;38.5,100;70.25,32.75;1,71.25;49.75,49.25;53.75,88.5;60,4.25
1092;25,65.25;25.5,111.75;34.25,74.5;47.75,19.5;6.75,110.75;9.5,31.75;62.75,69.75;68.75,12.75
588;9.75,59.75;19.5,46.5;26.25,110.25;53,21;2.25,79.5;9.5,31.75;10.5,99.5;68.75,12.75
182;38,85.5;48,18.75;65,119;70.5,25;4.75,110.25;9.5,31.75;17.5,75.75;68.75,12.75
1021;11.75,85.25;48,18.75;59.25,95.25;70.5,25;9.75,110.5;23,7;25.5,7.5;46.75,2.5
335;14,30.5;23.5,17.25;41,50;64,21.5;20.5,78.25;23,7;30,74.5;46.75,2.5
374;18.75,10.25;19.25,17.25;19.25,17.75;64,21.5;16.75,36.25;20.5,78.25;28.75,44.75;65,42.25
327;4,24;9.25,25.25;21.25,8.75;64,21.5;26.75,19.5;29.5,7.75;40.5,105.5;65,42.25
843;34,86.5;42.75,6.25;45.25,5.75;49,99;26.75,19.5;29.5,7.75;39.75,64;40.25,70
263;1.75,123.25;29.5,35.5;40.25,30.5;41,50.5;26.75,19.5;29.5,7.75;40.75,68.5;55.25,48.75
837;2,107.75;2.5,31;9,46.75;40.25,30.5;32.5,6.25;40.75,68.5;59.5,49.75;68.75,4.25
821;12.75,110;21.5,46.75;25.25,43.5;37.25,93.25;40.75,68.5;42.5,1.75;48,50.5;68.75,4.25
557;12.75,109.5;35.25,54.25;48.25,109.25;65,108.25;16.25,122.25;25,6;48,50.5;68.75,4.25
602;46,121;52,101.5;65,106.25;68.25,104;2.25,83;12.5,48.5;25,6;68.75,4.25
241;26,87.5;27.75,91.75;31,85;34.5,119;5,101.5;18.5,80.25;25,6;68.75,4.25
1071;32.75,112.5;39.5,103;57,49.75;72.75,118;19.25,48.5;21,119;25,6;68.75,4.25
336;6.5,120.75;39.5,103;41,19.25;72.75,118;7.5,105.75;15.25,112.25;23.5,21;38.5,59
235;33.25,88.5;36.75,74;45.75,5;72.75,118;7.5,105.75;44,95.75;55.75,8.75;70.75,74.25
1308;32.25,103;36.75,74;50.75,4.5;72.75,118;24,110.25;27,99.25;65.25,20.25;71,75.25
65;20.25,72;27,119;29.75,92.75;40,91.75;24,110.25;27,99.25;48.5,49;49.75,25.75
686;11.25,2.25;37.5,85.25;45.5,118.25;63.25,103.25;24,110.25;27,99.25;29.75,2.5;62.25,54
350;11.25,16.75;13.25,110;28.25,96.25;63.25,103.25;4.5,34.75;24,110.25;45.25,39.5;48.25,90.75
317;11.25,16.75;13.25,110;57.25,97.5;65.25,117.75;1.75,1.25;30.25,67.75;48.75,1.5;59,78.5
945;21,11.25;30.75,111.25;57.25,97.5;70.5,117;3.5,24.5;5,24.25;36.75,1.5;59,78.5
353;7.5,25;28,103;39.25,111;62.25,105;0.5,6;1,12.5;36.75,1.5;59,78.5
804;2.5,31.5;10.75,81.75;11.75,88.5;68.25,104;1,12.5;25,6;29.75,2.5;59,78.5
713;9.25,83.25;11.75,89.25;23.5,22.5;30.75,111.25;1,12.5;17.75,17;19,77.25;29.75,2.5
