begin;0,0;0,73.75;60.25,0;60.25,73.75;0,0;0,73.75;60.25,0;60.25,73.75
394;0.25,43;13.5,30.25;31.5,2;35.75,39;0.25,43;2,73;16.75,8;36.75,69.25
505;0.25,43;15,40.5;30,12.75;40.75,32.75;0.25,43;3.5,71.25;8.5,12.5;39,59.5
798;6.5,35.25;24.5,39;29.5,14;40.75,32.75;0.25,43;3.5,71.25;9.5,12.25;43.5,66.75
732;6.5,35.25;20.5,40;29.5,14;41.5,39.25;5.5,54.25;6.75,59.25;7.75,11;43.25,65.75
334;6,40.5;25.75,29.5;40.5,4.75;46.5,28.75;5.5,54.25;6.5,58.75;7.75,11;28.25,69.75
333;0.5,44.5;29.5,18.5;31.25,1.25;41.25,28.25;5.25,53.75;6.5,58.75;7.75,11;28.25,69.75
462;6.75,39;33,19;37.25,3.5;44.5,33.75;5.25,53.75;6.5,58.75;7.75,11;28.25,69.75
118;6.75,34.5;22.75,23.5;37.25,3.5;40.25,35.25;1.5,55.75;6.5,58.75;7.75,11;15.75,60.5
1024;10.75,39;22.75,23.5;42.25,4.25;46.5,31.25;0.25,58.75;6.5,58.75;8,10.5;16,55.75
114;10.75,39;18.25,16.75;42.25,4.25;49.5,32.5;3,53.25;6.25,59.25;8.25,9.75;9.25,55.5
1429;3.25,33;3.75,16.75;33,17;39.75,28.25;3,53.25;6.25,59.25;8.25,9.75;20.25,57
880;2.75,36;11.25,14.5;30,16.25;39.75,28.25;3.25,44.25;6.25,59.25;8.25,9.75;25.25,67.25
1003;2,34.25;16.25,3.25;31.5,23;33.5,39.75;3.25,44.25;10.75,52.75;12.25,17.5;25.25,67.25
1602;3.75,32;13.75,10.75;24.75,29.5;41.75,40.25;2.75,40.5;10.75,52.25;12.25,17.5;25.25,67.25
417;3.25,33.5;4.25,18.25;32.5,33;41.75,40.25;3.25,29.5;10.75,52.25;16.25,18.5;24,59
863;3.25,36.5;4.25,18.25;33,34.5;41.25,27.75;2.75,29.5;8.75,42;16.25,18.5;24.25,57.75
1365;1.75,36;2.25,21.5;31.75,31.75;33,27.5;2.75,29.5;8.75,42;16.25,18.5;20.75,50.75
1637;1.75,36;6.25,19.25;29.5,19.5;29.5,32;2.75,29.5;10.75,42.5;11,8.75;22,56.5
933;1.75,36;12,21.75;30,13.25;37.25,28.25;2.25,23.25;10.75,42.5;11,9.25;16,66.75
281;5,46.75;14,21;30,13.25;33.5,26.5;0.25,16.25;10.75,42.5;11,9.25;13.25,61.75
749;1.25,56.5;8.5,9;28,26.5;30,14.75;0.25,16.75;10.75,42.5;11,9.25;15.5,58.75
671;1.25,56.5;8.5,9;22.25,39.5;33.75,5.75;0.25,23.25;6.25,50.5;10.5,9.25;15.5,58
23;1.25,56.5;12.25,3.5;31.75,29.75;39,5.75;0.25,23.25;9.75,43.75;10.5,9.25;21.75,54.5
83;1.25,56.5;12.25,3.5;39.25,35.75;42,3;0.5,22.25;2,50.5;10.5,9.25;27.5,61.75
174;1.25,56.5;12.25,3.5;34,27.5;42.75,5.75;0.5,22.25;4.5,58.5;10.5,9.25;11.75,61
1412;1.25,56.5;10.25,3.25;30.25,27.25;40.5,5.75;0.5,22.25;1.25,41.75;10.5,9.25;13.75,54
1188;7.5,39.5;10.25,3.25;23.75,31;40.5,5.75;2,14.5;7.25,44.5;10.5,9.25;16,55.75
251;10.25,36;13.25,9.75;33.25,40.75;36,4.75;3,22.5;7.25,44.5;10.5,9.25;18,66.25
186;4.75,30.25;13.25,9.75;33.25,40.75;37.25,3.5;9.25,41.5;10.25,55.75;10.5,9.25;21.5,62.5
876;11.75,19.25;14.25,3;30.25,33.25;32.75,3.25;9.25,41.5;10.25,55.75;21,18.5;22,62.25
225;2.25,19.75;13.25,3.5;30.25,33.25;43.25,1.75;4.75,30.5;10.25,55.75;12.5,23.75;23.5,64.5
1724;7.75,10;8.75,10.75;33.5,19;43.25,1.75;3.25,41.25;10.5,56.25;12.5,23.75;23.5,64.5
1173;2.75,19.25;4.25,10.5;33,10.75;39,1.25;3.25,40.5;10.5,56.25;12.5,23.75;23.5,64.5
1102;2.75,19.25;8.5,1.75;30.5,18;32,12.75;2.25,40.5;6.5,53.25;11.5,23.5;23.5,64.5
1283;6.75,24.5;22.25,3.5;30.5,15.75;33,13;2.25,40.5;5.5,51.5;20.5,28.25;23.5,64.5
476;2.25,32.5;30.5,15.75;37,3.75;37.75,1.5;3,27.75;17.75,44.25;20.5,28.25;22.25,53.25
109;10.75,22;30.5,15.75;31.25,5.75;45.5,1.5;3,28.25;13.25,44.25;20.5,28.25;22.25,54.25
1435;10.5,21;30.5,15.75;31.75,3.25;45.5,1.5;1,28.25;10.75,57.75;19.5,21.75;30.5,46.25
844;10.5,21;30.5,15.75;36.5,5.75;41.75,1.75;5.25,42.5;17,58.5;19.5,21.75;44,47.5
1090;10.75,21.25;31.5,15.5;36.5,5.75;41.75,1.75;2.25,54.25;10.5,64.75;24.25,21.5;46,34.75
1030;10.75,21.25;29.5,20;31.5,3;43,2.5;2.25,55.5;10.5,64.75;35.75,20.5;46,34.75
1148;15.75,23.75;29,31;32.25,3.25;37.25,3.5;2,63.25;10.5,64.75;29.25,30.75;46,34.75
1535;7.25,11.25;28.25,33.25;32.25,3.25;39,2.25;8.5,49.5;19.25,55.25;36,18.75;46,34.75
1731;6,11.25;18.25,40.5;31,11.5;39,2.25;5.75,40;25.25,61.75;31,11.25;46,34.75
1175;13.5,10.5;18.25,40.5;30.5,10.75;39,2.25;3.75,44.25;24.5,62.75;35.5,14.25;49.5,29.25
58;13.5,10.5;18.25,40.5;30.5,10.75;33.5,2.5;1.75,44.25;20.25,57.5;40,14.5;44,29
765;14.25,20;28.25,35.25;30.5,10.75;40.5,3.75;1.75,44.25;10,52.75;29.5,11.75;42,22
978;12.5,10.5;28.25,35.25;30.5,10.75;33.5,2;1.75,44.25;10.25,53.25;27.75,3;49.5,31
1573;4.25,10;23.75,30.5;30.5,10.75;33.5,2;6,55;7.25,48;27.75,3;41.5,38
527;4.25,10;23.75,30.5;30.5,10.75;42,4.5;2.5,57;7.25,42.5;30,11.75;41.5,31
159;4.75,22;29.5,37;31.5,14.5;42,4.5;3,56.25;7.25,42.5;28.25,3;29.75,34.25
391;1.5,32.25;24.75,40;31.5,15;42,4.5;3.25,57.25;5.25,41;28.25,3;36.5,41.75
487;10.25,35;26,40;33.5,13.25;45.5,1.5;1,66.25;15.25,44.25;28.25,3;36.5,41.75
950;3.25,33.5;26,40;30.5,18;45.5,1.5;1.75,65.25;25.25,43.75;27.5,7.25;30,35.75
739;9.75,36;17.25,39.5;23.5,24.75;36,3.75;9,59.25;27,48.25;27.5,7.25;30,35.75
939;9.75,36;13,39.5;33,29.5;37.75,2.5;9,59.25;30,36.5;32,10;33.75,32.5
313;9.75,39.5;20.5,45.75;33.5,27.5;37,4.25;10.5,66.25;30,36.5;32,10;42.25,39
38;16.5,30.25;20.5,45.75;34,36.75;41.75,4.25;14.75,62.25;30,36.5;32,10;45.25,46.25
1009;16.5,30.25;27.5,53.25;28.25,34.75;41.75,4.25;17.5,63.75;30,36.5;33,12;44,47
1214;16.5,30.25;22.75,55;29.5,30.5;42,4;18,63.75;28.5,48.25;35.5,11.5;44,47
15;13.75,39.5;16.5,45.75;26.75,29.5;42,4;20.5,65.75;22.5,47.75;35.5,11.5;37.5,47
1638;13.75,39.5;22.75,40;26.75,29.5;32,3.5;18.75,65.75;26,41.75;48,14.25;52.75,46.75
888;2.5,33.25;10,35.25;25,40;32,3.5;18.75,65.75;22.5,28.25;34.25,19.5;52.75,46.75
40;2.75,21.5;17.75,27.5;28.25,34.25;31.5,13.25;18.25,65.25;20.5,30.5;34.25,19.5;52.75,46.75
983;1.25,25;13.5,40;28.25,34.25;31.5,13.25;10.75,52.75;22,17.75;31,9;46.25,59.75
893;2.25,17.75;16.5,29;28.25,34.25;32.5,16.75;14.75,42.25;22,17.25;31,9;43.5,48.5
252;5.75,17.25;9.25,36;26.75,31.5;32.5,16.75;14.75,42.25;22,17.25;26,2.75;51.75,46
657;5.75,17.25;9.25,36;29,39;33,18;10.5,46.75;16.5,28.25;19,14.25;51.75,45.25
1320;8.5,9;9.25,36;29.25,39.5;33,18;2.75,44.25;4.25,29;31,13;53,45.25
1735;1.75,9.25;16.75,40.5;30.25,39.5;33,18;2.75,44.25;4.25,30;20,13;51.75,45.25
1668;1.75,9.25;5.75,40;29,36.5;39.75,26.75;3.25,40.25;5.25,39.75;20,13;51.75,45.25
1101;5.75,18.25;6.25,39;28.5,39;39.75,26.75;5.25,42.5;10,47.25;20,13;51.75,45.25
340;5.75,18.25;11,45.5;28.5,39;34,28.5;6.5,45.5;18.25,43.75;28.5,7.25;45.5,48
873;3.25,22.5;11,54.5;30.25,39;30.5,18.75;11,45.75;17.75,45.5;28.5,7.25;45.5,48
216;3,35.25;19.25,60;22.75,39.5;33.5,17.75;11,46.75;17.75,45.5;33.5,11.5;45.5,48
704;1.25,25;19.25,60;22.75,39.5;29.5,12.5;11.75,42.75;14.25,42.5;42,14.25;44.5,41.5
506;7.25,24.5;19.25,60;22.75,39.5;32.5,17.25;2.75,39;6.75,41.25;32.5,14.5;50.5,34.5
184;7.25,17.25;16.25,60;17.25,40;33.5,20;2.75,39;6.75,41.25;29,5.25;44.25,32.75
1319;17.75,17.75;24.75,55;28.75,40.5;33.5,20;2.75,39;11,49.5;38,12.5;40.75,26.75
1353;14.75,23;19.25,58;28.75,40.5;33.5,20;2.25,41.75;16.75,57.5;30.5,14.5;41,26.25
938;10.5,18;20.5,65.75;28.75,40.5;32.5,23.25;2.25,41.75;8.25,64.75;27.5,19.75;42.75,20
3;10.5,18;21,70;28.75,40.5;34,28;2.25,49.75;9.5,63.25;30,14.75;44.5,14.75
1174;3.75,11.25;14.25,67.25;29.25,52.5;34,28;0.25,45.75;9,62.5;30,14.75;44,20.75
1348;4.25,10.25;9.5,68;27.75,52.5;39.25,28.25;9,47.25;9.5,64.75;30,14.75;44,20.75
49;7.25,1.25;7.75,64.75;27.75,52.5;39.25,28.25;6.75,58.25;15.75,55.25;27.5,16.75;42.75,18.75
1170;7.25,1.25;7.75,64.75;26.25,52;49.5,25.5;1.25,54.25;15,55.25;17.5,17.75;44,13.25
436;7.25,1.25;18.25,65.75;29.25,39.5;48.25,25.25;0.25,54.75;10,61.75;17.5,17.75;35.5,19.25
441;7.25,1.25;16,60.25;35,39.75;47.5,25.75;3,59.5;9.5,60.75;17.25,13.5;35.5,19.25
764;12.5,10.5;16,60.25;34,35.25;45,25.75;3,59.5;9.5,60.75;20,9.75;30,10
652;12.5,10.5;27.25,56.5;41.25,26.25;42.75,25.75;4.25,68;6.75,58.25;22.5,20.25;30,10
1643;12.5,10.5;32.5,55;33,18;42.75,25.75;3.75,68.5;5.25,62.25;21.5,21.25;30,14
744;9.75,10.25;20,56.5;33.5,13.75;41.25,28.75;3.75,68.5;5.25,62.25;27,21.75;36.25,19
1693;7.25,17.75;20.75,60.75;29.5,14;41.25,34.75;4.25,62.75;5.25,68.25;27,21.75;36.25,19
188;9.25,26.25;17.75,66.75;22.75,23;29.5,36.5;5,59;5.25,68.25;16,26;36.25,19
690;7.75,40;11,54.5;33.5,26.5;42,40.5;5,59;5.25,68.25;27.75,25.25;36,13.75
1712;7.75,40;11,54.5;33.5,26.5;41.75,41;2.75,71.25;13.75,58.25;30.5,31.5;34,7.25
25;8,29;24,59.75;33.5,26.5;40.25,33.25;2.75,71.25;23.5,64.5;36,18.75;36.5,11.5
1229;9,28.75;29.25,57.5;37.25,34.25;40.75,31.75;2.75,71.25;19.75,69.75;36,18.75;38.5,14
1200;14,21;29.25,57.5;41.25,34.75;46.5,27.75;2.75,71.25;18,62.25;34.5,13.25;37.5,19.75
175;14,21;24,69.5;41.25,34.75;46.5,27.75;10.75,61.25;13.5,55.75;43,14;46,14
103;28.25,23.5;31,70;40.75,30.25;46.5,27.75;10.75,61.25;13.5,56.5;48.75,20.25;51.75,18.75
1145;15.5,23;17.75,60;40.75,30.25;47.5,25.75;4,55;27,48.25;48.5,13.75;48.75,20.25
106;15.5,23;16.75,63;45,32.75;47.5,25.75;8.75,44.25;31.5,45.25;48.5,13.75;57.75,19.25
854;15.5,23;16.75,63;42.75,34.25;49.5,30.5;2.25,39;33.75,35;43.75,18.75;58,18.75
119;14.75,23.75;20,60.75;42,40.5;49.5,30.5;2.25,39;31.5,31.75;40,11.75;50.25,18.75
1118;6.75,32.5;11.25,52.75;41.75,41;45.5,35.25;2.75,34.5;31.5,31.75;35,18.75;50.25,18.75
1490;8.25,34.25;16.5,45.75;41.75,41;45.5,35.25;1.75,43.25;35.25,34.75;38,11.75;50.25,18.75
1210;5.75,39;16.5,45.75;40.5,39.25;45,26.25;9,50.25;34,34;37,19.25;50.25,18.75
1632;10,35.25;16.25,58.75;40.5,39.25;45,26.25;9.5,50.25;34.25,22;42.5,13.75;48.25,20.75
998;15.75,29.75;16.25,58.75;33.5,41;44.5,32.25;5.75,44.25;31.5,11.5;38.25,20;48.25,20.75
1589;15.75,29.75;16.25,58.75;33.5,41;46.5,35.25;4,54;21.5,19.5;41.75,29;48,30.5
1449;15.75,29.75;23,57.75;33.5,41;46.5,35.25;2.25,43.75;20.25,24;31.75,32.25;50.75,29
803;14.25,40;23,57.75;39.25,31.75;47,28.75;2.25,43.75;26.25,20;29.75,30;51.25,35.25
1473;18.5,45.5;20.5,65.75;42.75,28.25;47,33.25;10.25,43.25;22.5,17.25;29.75,30;51.25,35.25
793;18.5,45.5;24,59.25;41.25,26.75;42.5,41;10.25,44;14,13.25;29.75,30;48.5,35.75
521;13.75,39.5;28,60.75;33.5,17.5;34.75,40.75;10.25,44;14.25,13.75;29.75,30;49.5,35.25
108;13.75,39.5;24.25,55;33.5,17.5;33.5,41;5.25,44.25;7.5,9;36,30.25;47.75,35.5
1016;7.25,30.25;27.25,52.5;30,14.75;32.5,36;5.25,44.25;7.5,9;46,34.75;47.75,35.5
344;5.25,19.25;27.25,52.5;33.5,11.25;44,29.75;12.25,41.5;13.5,12.5;37.5,38.5;47.75,35.5
412;3.25,23.5;28.75,53;34.75,5.75;40.25,35.75;7.75,43.5;13.5,12.5;37.5,38.5;47.75,35.5
1729;3.25,23.5;26.5,53.75;36.25,5;49.5,31.5;1.25,39.75;13.5,12.5;38.75,46.5;47.75,35.5
1378;13.75,23;26.5,53.75;31,16.5;47.5,28.25;7.25,43.75;11,21;29.75,40.75;47.75,35.5
449;13,27.75;26.5,53.75;31,16.5;41.75,26.75;5.75,49;9,29;37,41.75;47.75,35.5
1096;15,39.5;21.75,60.75;29.5,20;41.75,26.75;1.5,47;18,24.25;28.75,47;47.75,35.5
1438;18.5,40.5;21.75,60.75;29,24.25;39.25,32.25;2,46.75;18,24.25;22.75,51.5;47.75,35.5
168;18.5,40.5;21.5,68.25;32.5,17.25;46.5,32.75;2,46.75;16,26;30,46.75;47.75,35.5
792;18.5,40.5;20,70;32.75,27.25;46.5,32.75;4.75,40;15.5,26;24.5,56;43.5,38
98;18.5,40.5;21.5,68.5;33,24.5;46,32.75;4.75,40;13,18;15.75,57;43.75,38.5
1335;18.5,40.5;24,68;32.5,14.25;45,27.75;4.75,40;13.5,17.25;14.25,66.25;43.5,29.75
583;29,36.5;30.5,60.5;32.5,14.25;42.75,26.75;10,47.25;10.5,8.75;13.5,65.75;43.5,29.75
1202;22.25,45.75;30.5,60.5;39,5.75;42.75,26.75;2.25,42;8.75,26;13.5,65.75;52.25,18.75
1723;22.25,45.75;25.5,58.5;32.5,12.5;42.75,26.75;2.25,42;3.5,12.75;9.25,67.5;57.25,21.5
1247;24.25,53.5;28.75,60.75;32,1.5;39.75,28.25;2,28.25;3.5,12.25;9.25,67.5;57.25,21.5
987;22,60.75;25.5,57.75;34.5,1.5;39.75,35.75;2,28.25;3.5,12.25;12.25,55.5;45.75,28.25
1321;25.25,70;25.5,57;38.25,3;45,32.75;2,28.25;4.25,12;12.25,55.5;45.75,27.75
921;25.25,70;33.5,56.5;38.25,3;48.25,25.25;1.25,30.75;11.75,11.5;13,55.5;35.25,22
164;22.25,69.25;23.5,54.75;42.5,2;48.25,25.25;2.75,40.25;12.75,11.75;13.5,55.25;35.25,22
1336;22.5,68;24.75,53;42.25,1.75;48.25,25.25;2.75,40.25;10.75,14.75;23.75,59.5;34,26.5
1275;22.75,55;25.5,60.5;42.25,1.75;46,30.25;2.75,40.25;10.75,14.25;23,58.75;27.75,17.5
215;19.25,58;25.25,54.5;37.5,5.75;44,27.25;2.25,41.5;10.75,14.25;23,58.75;31,13.25
1114;9.75,54.75;22.5,54.75;34,1.5;44,27.25;1.75,41.5;11.5,9.5;16.5,49.5;31,13.25
664;3,58.75;18,51.75;34,1.5;45,33.25;2.25,41.25;8.5,11.5;12.75,44.5;31,13.25
366;8.25,60.75;25.25,55;41.25,5.25;44.5,34.75;2.25,41.25;9.5,12.25;13.25,46.5;31,13.25
74;10.5,54;26,60.75;41.25,5.25;44.5,34.75;3.25,41.25;10.25,12;14.75,43.25;26.25,24.75
590;1.5,59.25;31.5,65.75;41.25,5.25;46.5,35.25;3.25,41.25;4,17;10.25,44;20.5,24.5
1465;6.75,63.25;24.75,70;34.25,1.25;46.5,35.25;1.25,41.75;10,23.75;10.25,44;20,23.5
1444;10,67.25;24.75,70;34.25,1.25;47.5,34.25;0.5,55.25;9,9.75;12.25,45.75;33.25,21
112;21.5,67;34,69.5;34.25,1.25;47.5,34.25;0.5,56.5;2,7.5;12.25,45.75;37,14.25
1722;10,67.25;34,69.5;34.25,1.25;37.5,40.5;2.25,44.25;2.5,8.75;4.25,41.5;37,14.25
227;19.25,65.75;24,56.75;31.5,13;37.25,34.75;2.25,44.25;2.5,8.75;10.5,25.25;47.25,27
89;5.75,63.75;8.5,54.5;32.5,13.25;37.25,34.75;1.5,45.75;2.5,8.75;10.5,25.25;44,38
1212;1.5,59.75;19,65.75;32.5,13.25;37.25,34.75;1.5,45.75;2.5,8.75;8,22.25;31.25,47.5
605;1.5,59.75;19,65.75;32.75,2.75;49.5,33.5;1.5,45.75;12.25,9;14.75,24.25;26.75,53.75
498;1.5,63.75;17,53.75;39.5,1.25;42.25,33.75;11.75,41.75;12.25,9;14.75,24.25;19,63.75
1526;1.5,63.75;19.25,58.5;31.5,15;33,30.5;11.75,41.75;16.25,14.5;17.5,9.75;18,63.75
1386;7.75,63.75;24,67;31,19;33,30.5;8.75,43.5;15.75,14.25;17.5,9.75;18,63.75
955;8.25,54.75;12.75,53.25;27.75,30.5;29.5,13.75;1.25,40.25;9.75,18;17.5,9.75;18,63.75
235;8.25,54.75;19.5,46;22.75,24.25;30.5,13.5;2.5,27.75;2.75,25.25;17.5,9.75;18.5,64.5
1478;1,58.75;15.75,30.25;25.25,23;37.75,2.5;3.75,43.75;8.75,29.5;17.5,9.75;18.5,64.5
688;19.75,60.75;26,40.5;28.25,24.75;43,3;3.75,43.75;8.75,29.5;17.5,9.75;18.5,64.5
733;18.25,70;26,40.5;33.5,15.25;43,3;5,45.75;6.5,13;11.25,12;35.75,66.5
52;19.25,70;26,40.5;30.75,24.75;32,1.5;2.25,43;5,13;12.25,12.75;35.75,66.5
1017;19.25,70;20.5,27.75;26,40.5;32,1.5;7.75,41.75;17.5,13;26.75,22.5;43,66.75
1577;19.25,70;20.5,27.75;33.5,35;42.5,4;11.25,43;17.75,20.75;36,13.25;42.25,67.5
116;19.25,58.5;34,34.25;41.5,40.5;44.5,1.5;3.25,41.25;17.75,20.75;36,13.25;42.25,67.5
1298;30,59.5;35.25,40.75;39.25,35.25;44.5,1.5;3.25,43;20,25;36,13.25;44,62
321;28.25,53.5;33,54.5;39.25,35.25;44.75,5.75;3.25,43;21.75,21.75;36,13.25;45.25,48.25
973;17,54.25;22.75,66.75;39.25,35.75;44.75,5.75;3.25,43;13,20.75;24,21;29.5,45.75
674;17.75,60;23,58.75;39.25,35.25;44.75,5.75;3.5,53.75;13.25,21.25;19,26.5;29.5,45.75
166;9.25,61.25;23,58.75;29.5,36.5;44.75,5.75;9.75,56;13.25,21.25;30.5,31.5;34.25,34.75
631;6.25,61.75;21.25,56.5;40.5,40.5;44.75,5.75;11.75,65.5;13.25,21.25;26.75,22;30,31
587;4,64.25;26.25,52.5;40.5,40.5;44.75,5.75;12.5,66.25;13.75,28.25;18.25,27.75;37.75,20
1169;9.25,52.75;33,56.5;40.75,29.75;45.5,1.5;12.5,66.25;13.75,28.25;18.25,27.75;44.5,13.5
1221;8.25,61.25;32,51.75;42.25,25.25;45.5,1.5;7,69.25;7.75,23.5;21.5,24.5;44.5,13.5
435;13.25,67.75;37.5,40.5;39.25,32.75;45.5,1.5;7,69.25;15.25,31.75;29.5,35.75;40,13.25
1708;15.25,67.25;37.25,41;40.25,32.75;43.75,1.25;14.5,61.75;16.75,42.75;29.5,35.75;40,13.25
774;19.25,58;34.25,53;40.25,32.75;42.75,1.25;13.75,62.75;16.75,42.75;30.75,46.5;32.5,13
734;9.25,52.75;29.5,52.25;40.25,32.75;42.75,1.25;2,68.25;7.5,51.25;17.75,45.5;29.75,6
937;9.25,40.5;34.25,60.75;42.25,26.75;42.75,1.25;2,68.25;8,51.5;32,47.75;36,12.5
1583;9.25,40.5;28.75,60.75;30,19.25;42.75,1.25;2.75,68;4.75,40.5;21.25,50.25;33,12.25
789;16,46;29,66.25;30.5,14;36.5,2.75;2.75,63.25;4.75,40.5;22.75,51;33,12.25
692;13.5,39;29,66.25;34,2;42.25,5.75;2.5,63.75;4.75,40.5;23.25,43.75;28.5,5.25
746;20,46;20,56.5;36,5.75;42.25,5.75;1.5,61.25;2.5,48.75;18.75,44.5;28.5,5.25
1641;9.75,33.5;29,66.25;36,5.75;42.25,5.75;1,61.75;3.25,40.5;4.5,46.75;27,18.75
1310;9.75,33.5;19.25,58;30,14.25;37,3.25;1,61.75;2.75,42.75;4.5,46.75;29.75,29.75
1623;15.25,23.75;16.75,53;30.75,5.75;45.75,1.75;1,61.75;1.75,39.75;5.25,44.5;29.75,29.75
626;3.5,32.75;16.75,53;30.5,16.75;41.25,5.25;1,61.75;9.75,41;21.25,50.25;33.25,46.5
1540;5.25,24;16,59.25;32.5,17;41.25,5.25;1,61.75;9.75,41;22.75,43.5;37.5,36.75
1230;5.25,24;11,52.5;32.5,17;41.75,4.25;7,68;11.75,41.25;13.5,50.5;45.25,46.25
1211;3.25,21.5;11,67.75;28.25,30.75;31,14;7,68;11.75,41.25;19.5,53.25;31.75,40
1324;4.25,19.25;7.5,55;21,40.5;30,15.25;1,69.75;11.75,41.25;19.5,53.25;35.25,29
139;4.25,19.25;11,53.5;25.5,40;26.25,3.25;1,69.75;17.5,50.25;21.5,56.5;42.25,29.75
402;4.25,19.25;19,53.25;26.25,39;27.25,3.25;0.25,69.75;17.5,50.25;22.5,58.25;47.75,21.75
1307;9.25,32;19,53.25;26.25,39;32.5,11;1.25,68.75;5.5,49.5;17,54;46,14.25
1021;9.25,32;11.25,52.25;28.25,40.5;36.5,4.75;1.25,68.75;2.25,42.5;17,54;37.5,12
431;3.25,34.5;11.25,52.25;28.25,40.5;30.5,13.25;0.25,69.25;1.25,41;17,53;45,13.5
111;10.25,28.5;14.25,39.5;28.25,40.5;30.5,13.25;0.25,69.25;1.75,42.5;19.75,43.75;37.5,13
898;3.25,19.25;25,40;26.25,53;30.5,15;0.25,69.25;1.75,42.5;19.75,43.75;41.75,25.75
1309;3.25,19.25;18.75,39;25.5,58.75;31,17;0.25,69.25;1.75,42.5;14.25,44;51.25,29
1660;1.5,12.5;18.75,39;25.5,58.75;31,17;0.75,65.5;8.25,49;10.75,31.25;59.25,20.75
1215;2.75,22.5;18.75,39;30.25,69;31,17;3.25,62.5;5.25,40.5;11.5,30.75;51,14.75
10;1.75,22;6.75,32.5;25.75,70;31,17;3.25,62.5;14.25,43;17.5,29.5;58,22
1162;5.75,10.25;8,29.75;24,60.25;31.75,27.25;8,69.25;14.25,43;19.75,24.5;58,22
606;7.25,1.25;15,19.25;25.5,54.25;30.25,33.25;9.25,60.25;14.25,43;20,23.5;58,22
1264;7.25,1.25;19.75,24.25;25.5,54.25;32.5,32;0.75,53.25;13.25,46.5;26.25,22;57,19
1068;7.25,1.25;9.5,16.5;28,53.25;34.5,24.75;0.75,53.25;13.25,46.5;30.25,34.75;56.75,18.75
1489;3.25,3.5;10.75,17.25;28,52.25;34.5,24.75;0.75,53.25;13.5,45.75;23.5,45.5;56.75,18.75
1095;3.25,3.5;10.75,17.25;21.5,65.75;29.5,33.5;1.25,52.75;3.25,40.5;12.75,42.5;44,12.5
1541;5.75,16.75;12,21.75;21.5,60.75;21.75,40.5;0.25,59.25;3.25,40.5;12.75,42.5;43,14.5
1091;2.25,23.5;3.75,18.75;27.75,54;29,35;1.25,59;3.25,40.5;13.25,46.5;43,14.5
1625;3.75,19.25;10.75,14.5;26.5,65.75;36.75,39.5;1.25,59;7.25,41.25;11.75,44.25;43,14.5
838;3.75,23;10.75,14.5;19.25,58.25;45.5,33.25;1.25,59;4,34;7.25,43;43,14.5
1661;5.25,23;8.25,3.5;21,56.5;44,31.25;1.25,59;4,34;17.5,47.25;45.5,13.5
194;5.25,23;8.25,3.5;10.5,55;45,31.25;1.25,59;4.25,41;27.75,47.5;40.5,26.25
1317;5.75,19.75;6.25,9.75;10.5,55;46,32.25;1.75,58;4.25,41;44,47;49.5,14.5
601;3.75,17.75;4.75,17.25;10.5,55;46,32.25;1.75,58;14.25,43;44.75,32.5;46.5,14.5
1065;10.25,24.5;13.25,21.25;13.25,52.75;41.75,27.25;1.25,59;26.75,41.5;44.75,32.5;46.5,14.5
675;4.75,23.5;13.5,22.25;17,54.25;41.75,27.25;1.75,58;38.25,46;42,31;46.5,14.5
469;8.75,9.25;10.25,32.5;24,58.25;32.5,15.25;1.75,58;38.25,46;42,31;42.5,13
258;7.25,3.25;10,32.25;22.25,69.25;32.5,15.25;1.75,58;35,53.75;42,31;52,14.5
1617;7.25,3.25;11,39.5;22.25,69.25;33.5,17;1.75,58;25.75,60.75;44.75,32;51,14
1344;16.25,6.25;21.75,45.75;22.25,69.25;33.5,17;1.25,59;24.5,62.75;40.75,33.25;50,14.5
1457;16.25,6.25;24.75,45.75;31.75,60;33.5,17;3.25,68.25;25.25,67.75;36.25,35.5;47.5,14
1209;7.75,10;17.75,54.5;24.5,53.75;27.75,28.5;2.75,68;25.25,67.75;37.25,42;47.5,14
1287;6.25,10.25;6.25,60.25;24.5,53.75;28.25,27.25;2.75,68;28.25,54.75;37.25,42;48,14.75
1181;6,11.25;12.5,67;24.5,53.75;32.5,27.5;14,68.25;28.25,54.75;45,47;47.5,22
912;6,11.25;24.25,60;27,52.25;32.5,27.5;14,68.25;29.5,46.25;35.5,36.25;36,29.5
752;6.75,18.25;30,51.75;30.5,57.5;32.5,27.5;13.25,68.75;23,46;35.5,21.25;35.5,36.25
651;10.5,18;25.5,59.25;29,68.75;44.5,27.25;13.25,68.75;14.25,47.5;35.5,21.25;35.5,36.25
956;1.25,17.25;33.75,52.5;34,68.25;47.5,26.75;13.25,68.75;15.25,43.5;35.5,21.25;35.5,36.25
962;14.5,22.5;28.75,39;28.75,67.5;46.5,32.75;2.5,57;15.25,43.5;35.5,21.25;36.25,37
445;12.25,21.25;25,40;30.5,57.5;46.5,32.75;3,56.25;15.25,43.5;35,12.75;36.25,37
958;11,20.5;32.75,40.25;33,52.25;45.5,29.75;2.75,58.5;11.75,42.5;35,12.75;36.25,37
297;7.25,33;38.75,40.25;41.5,39.25;49.5,32.5;2.75,58.5;9.25,41.5;35,12.75;36.25,37
309;13.5,22.25;38.75,40.25;41.75,30.25;47,33.25;2,66.25;9.25,41.5;36.5,21.25;43,47.5
1450;4.25,18.75;38.75,39.75;45,35.25;46.25,35.75;2,66.25;9.25,41.5;25.5,25.25;37.5,47
541;8.25,11.25;29.5,33;38.75,39.75;46.25,35.75;2,66.25;14.75,27.5;34.75,35;44.5,48
1694;8.25,11.25;30,39.5;38.75,39.75;46.25,35.75;2,66.25;15.25,27.75;32.75,33.25;52.75,45.75
130;9,9.5;28.75,52.5;38.75,39.75;44.5,32.75;4,61.75;6.75,19;24,21;52.75,45.75
146;9,9.5;23.75,57.5;41,41;46.5,28.25;4.5,64.25;5.5,11.5;24,21;53,45.25
1258;7.25,18.25;10,53.5;41,41;47.5,32.25;7.5,51.25;8.5,8.75;24,21;42,40.25
851;1.75,25;10,53.5;39.25,31.75;43,39.25;7,51.25;8.75,14.25;19.75,24;42,40.25
1534;3.75,35.5;10,53.5;41.25,30.25;43,39.25;4,55;9.5,13.5;26.25,21;45.75,46.75
348;5.25,36;11.5,46;39.25,32.75;43,39.25;9.25,43.5;9.5,13.5;27.25,21.5;45.5,47
1366;8.75,36.5;18.75,39.5;30,39.5;43,39.25;2.75,39;9.5,13.5;27.25,21.5;48.75,46.25
480;10,35.75;24.5,40.5;31.25,34.75;47,35.25;2.75,39;9.5,13.5;23,23.5;48.75,46.25
872;7.75,40;27.75,31.5;30.75,24.75;47,35.25;2.75,39;6,18.5;23.5,24.25;47.25,46.75
1154;14.5,39;23.75,31;29.5,11;47,35.25;2.75,39;4,23.75;23.5,24.25;39,40.75
1044;12.75,29.75;33.25,37.25;36.5,5.75;40.25,29.25;2.75,39;4,23.75;23.5,24.25;30.75,36.5
653;12.75,29.75;26.5,40;36.25,1.5;40.25,29.75;2.75,39;3.75,22.75;23.5,24.25;30.5,46.25
655;7.25,30.25;26.5,40;31.5,12;33.5,31;2.75,39;4,13;23.5,24.25;29.75,48.5
831;6,35.75;30.25,40;31.5,12;33.5,31;10.75,27.75;18,11;18.75,13.25;29.75,48.5
680;6.25,24;22.25,40;30.5,19.5;33.5,31;10.75,27.75;31.75,7.75;32,11;32.25,36.75
1646;7.75,10.75;22.25,40;31.5,20;37.5,40.5;14,28.75;31,9.75;31.75,7.75;40.25,39.5
1359;7.75,10.75;20.5,40.5;33.5,20;37.25,41;20.5,30.5;32.5,5.25;38,18.75;40.25,39.5
450;1.25,22.5;25,52.25;33.5,20;37.25,41;14.75,26;32.5,5.25;36.5,11.75;48,46.5
582;4.25,24;29.25,57;29.5,19.75;37.25,41;22,28.5;26.75,3;27.25,1.5;48,46.5
1374;17,25.25;31,70;34,35.25;42.25,31.75;9,28.5;26,7.25;27.25,1.5;48,46.5
946;29.5,17;31,70;39.25,35.25;45.5,33.75;8.25,44.25;27.25,1.5;38,12.5;51.75,45.25
275;10.25,28.5;25.5,59.5;27,53.25;34,32;8.25,44.25;27.25,1.5;31.5,14.75;43.5,47
1598;2.25,32.5;19.25,59.25;35.5,59.75;36.5,39.75;6.25,42.25;27.25,1.5;27.5,16.75;43.5,47
1222;5.75,18.25;21.5,69.25;25.25,55;42.25,32.25;6,52;27.25,1.5;27.5,16.75;32.75,47
1086;11.25,9;21.5,69.25;25.25,55;31.75,27.25;5.5,51;25.25,4.5;26.25,18.5;27.75,47.5
365;1.75,16.75;7.75,62.75;29.25,59;32.5,28.5;15.75,44.5;25.25,4.5;27.75,20;27.75,47.5
332;1.75,16.75;9.25,62.25;27.75,68.5;39.75,34.25;13.5,55.75;24,7.5;27.75,20;33.5,45.75
454;1.25,16.75;9,67.75;18.75,70;32.5,31;14,55.5;24,7.5;27.25,20.5;33.5,45.75
1462;1.25,16.75;17.75,67.5;21.5,67.5;30.75,27.25;20.75,47.75;24.5,12.25;33.5,25.5;33.5,45.75
1071;13,20.75;17.75,67.5;22.25,67.75;30.75,27.25;21,46.75;24.5,18;29.5,30.5;32.75,47
1038;9.75,35;17.75,66.5;31.5,70;32.5,18.75;13.75,44.5;24.5,17.5;29.5,30.5;32.75,47
191;2.25,21.5;29.25,60;34,68.25;42.25,29.75;5.75,49;23.5,21;29.5,30.5;32.75,47
221;15.25,23.75;23,59.75;34,68.25;46.5,26.75;5.75,49;23.5,21;28.5,38.5;30,35
133;12.25,21.25;16,63;26.5,54.75;46.5,26.75;5.75,49;17.5,17.75;28.25,47;40.25,40.25
1594;12.25,19.75;23.75,59;25.5,54.75;44.5,35.25;5.75,48.5;13.75,19;28.25,47;40.25,40.25
470;6.25,32.5;25.5,57;28.5,60.75;34.5,40.5;5.75,48.5;17.5,29.5;28.25,47;48,46.5
770;11.25,40.5;17.5,45.75;28.5,60.75;34.25,41;16.5,47.25;21.75,21.75;28.25,47;40.25,60
254;3.25,35.5;21.75,39;23.75,54.5;29,32.5;7.5,54.25;21.75,21.75;26.75,41.5;40.25,60
496;9.75,25.25;26,40.5;29.25,57.25;34,40.5;6.75,42;21.75,21.75;21.75,44;40.25,60
934;5.25,21.5;26.75,30.5;29.25,57.25;34,40.5;7,45.5;8.25,26.75;21.25,44;45.25,68.25
1330;10.25,33;16.5,23.75;23,54.25;34.25,41;2.75,51.5;4.75,28;21.25,44;45.25,68.25
261;9.75,24;10.25,33;19.75,56.5;34.25,41;2.75,51.5;11.25,27.5;12.25,44;44.75,68.25
1351;8.5,36.25;12,24;21.5,66;34.25,41;2.75,55.5;4.75,41;11.25,44.25;44.75,68.25
1278;7.25,34.5;9.25,17.25;30.25,69;34.25,41;0.75,59.25;6.25,41.75;11.25,44.25;44.75,67.75
1651;3.75,33.5;9.25,17.25;19.75,60.75;42.75,35.75;2,66.25;3.25,52.25;11.25,44.25;43.75,68.5
641;10.75,22;15.5,23;19.75,60.75;49.5,31.5;2,66.25;5.25,43;10.5,46.75;43.5,62.5
155;6.25,35;15.5,23;28.75,68.5;42.75,31.25;4,64.25;5.25,43;10.25,42.75;33.5,53.75
1681;4.75,34.25;30.5,17.75;35.5,57.75;42.75,31.25;4.25,64.75;5.25,41;11.5,30.25;33.5,53.75
326;1.25,36.5;32.75,5.75;35.5,58.75;42.75,31.25;10.5,59.25;11.5,29.75;12.25,43.75;33.5,53.75
181;1.25,36.5;19.5,15.75;23.75,60;49.5,27;16,62.5;17.5,17.75;20,47.75;33.5,53.75
633;3,35.25;22.75,24.75;27.25,65.75;44.5,31.75;10.75,61.75;13.75,19;20,47.75;33.5,53.75
883;3,35.25;30.5,37.75;35.5,58.75;44.5,31.75;6.75,59.25;13,8;19.5,47.75;32.75,54.75
1425;3,35.25;25.75,52;34,66;44.5,31.75;3.5,59;8.5,11.5;9.25,51;31.75,47
963;6.5,33.75;22,56.5;28.5,56.5;32.5,35;3.5,59;5.25,9.25;7.25,43;31.75,47
566;7,40.5;10.25,51.75;21,45.75;34.75,39.5;4,59.25;5.25,9.25;15.25,43.75;31.75,47
1157;0.25,44.75;10.25,51.75;21,45.75;28.25,28.75;3,59;5.5,8.25;21.75,44;26.75,39.25
1097;0.25,44.75;17.5,54.75;25.25,54.5;28.25,28.75;4.75,62.75;5.75,8.75;14.25,46;21.75,25.75
289;7.25,39;10.25,53.75;12.25,54.25;17.25,25.25;1.5,61.75;5.75,8.75;13.25,46.5;21.75,25.75
395;7.25,39;8.75,63.75;21.5,67.25;28.25,34.75;0.75,69.25;4,17;13.25,46.5;21,30.25
246;7,35.25;9,55;17.75,53.5;28.25,34.75;0.25,69.25;4,17;13.25,46.5;19.75,17.5
1063;7,35.25;7.25,60.25;18.75,40.5;37.25,33.75;0.25,69.25;4,17;6.25,42;20.25,17.5
201;7,35.25;16.75,62.25;17.75,40.5;46,33.75;0.25,69.25;4,18;6.25,41.75;12.75,16
1597;16.5,29;25.25,65.75;32.5,35;47,28.75;0.75,65.5;4,18;6.25,41.75;13.5,9
491;9,17.25;11.25,54.75;30.5,17.5;47,28.75;0.75,65.5;4.25,9.5;7,30;25.25,5.5
512;15.25,17.75;16.5,55;29.5,11.25;47,28.75;0.75,65.5;3,12.5;7,30.5;29.25,6
785;6.25,23.5;13.5,53;33.25,2.75;42.75,27.75;0.75,65.5;2.75,22;6.75,23;29.25,6
1001;5.75,32;14,40;29.5,14.5;46.5,27.25;0.75,65.5;2.75,22;6.75,23;29.5,10
797;12.25,21.25;21.5,40.5;29.5,14.5;46.5,27.25;0.5,65;4.25,9.5;5.5,23.25;31,13
481;13.25,20.25;27.75,52.5;32.5,14.5;41,39.75;0.5,65;4.25,10.5;5.5,23.25;37.25,20
1240;10.5,18.75;27.75,52.5;32.5,14.5;39.75,33.75;0.5,65;1.75,10;6.25,21.25;44,29
266;4.25,9.25;29.25,58.5;32.5,14.5;47,32.75;0.5,65;4.25,9.5;10.5,11.25;44,29
46;8.25,3.5;19.75,65.75;39.5,5.75;40.25,30.25;0.5,65;4.25,9.5;11,8.75;50.5,35.25
769;7.75,9.5;19.75,65.75;38.5,1.75;39.25,26.75;0.5,65;1.5,18.5;7.75,20.75;50,35
693;7.75,9.5;22.75,69.25;31.5,11.5;47,31.25;0.5,65;0.75,13.75;2.75,23;50,35
199;4.25,9;6,67.25;32.5,16.5;33,28.5;0.5,65;0.75,13.75;2.25,27;45.5,47
90;2.25,23.5;5.5,68;33,11.5;40.25,32.75;0.5,65;1,12.25;2.25,27;45.5,47
971;6.75,17.25;8.75,60.75;30,13.25;34.5,24.25;0.75,59.25;1,12.25;2.75,41.25;45.5,47
1106;3.5,32.75;8.75,60.75;31.25,1.25;32.5,28.5;0.5,68;9.5,26.25;12.75,42.5;45.5,47
514;6.75,21.5;11.5,54;21.25,3.25;40,40.5;5.25,60.75;9,24.5;12.75,42.5;45.5,47
1018;11,14.75;20,56.5;33.25,2.25;40.75,27.25;3.75,48;9,24.5;12.75,42.75;45.5,47
21;1.75,18.75;22.25,60.75;29.5,14;49.5,27.5;5.75,49;9,24.5;10.75,41.5;45.5,47
1532;7.25,24.5;27.25,52.5;32,13.75;46,29.75;5.75,49;9,24.5;23,46;53.5,46
788;3.75,18.75;27.25,52.5;31.75,5.75;46,29.75;5.25,48.25;23.5,26.5;33,46.75;43,48.5
397;1.25,16.75;11.25,54.25;34.25,1.25;46,29.75;5.25,48.25;15.25,22.5;33,46.75;42.25,59.75
1557;4.75,19.75;11,53;34.25,1.25;46,29.75;7.75,43;14.25,23.25;37.75,45.25;39,69.5
433;12.5,10.5;23.75,59;37,4.25;46,29.75;5.75,40.25;6.5,13;37.75,45.25;42.25,59.75
371;13,8.75;23.75,59;33,15.5;33,35.5;5.75,40.25;9.5,24;38,38;44,70
43;6.5,9.5;24.25,55;32.5,29.5;32.5,40.5;1.75,42;9.5,24;36.5,38;44,70
1510;6,8.75;19.25,59.75;19.75,24.25;28.25,40.5;1.75,42;2.75,22;42.75,38.75;44,70
403;6,8.75;9.25,54.25;13.25,39.5;26,56.5;3.75,41;19.5,25.75;42.75,38.75;44,70
1627;6,8.75;8.75,54.75;9.5,35.25;10.75,52.25;4.25,40;20.5,25.5;42.75,38.75;44,70
413;5.25,3.25;8.75,54.75;19,39.5;26.75,55;2.75,54.25;16.5,9.25;43.75,38.5;44,70
308;5.25,3.25;5.75,64.75;11,28.5;18,53;2.75,42.5;25.75,18;43.75,38.5;44.25,69
197;4.75,11.25;5.75,64.75;8,29;31.75,58;2.75,42.5;17.75,20.25;30.5,40;39.75,62.75
1561;6.75,10.75;17.75,60;20.25,28;32,65.75;5.25,43.5;17.75,20.25;30.5,40;45,47.5
277;6.75,10.75;28.5,52.75;31.75,33.25;31.75,60.5;5.25,43.5;8,17.25;30.75,35;30.75,47
1418;9.25,20.75;22.5,40.5;39.75,25.75;42,60;4.25,40;8,17.25;30.75,35;41.25,62.5
1193;6.75,22;18.5,26.5;32.5,18.25;50,60;6.25,42.25;8,17.25;30.25,35;41.25,62.5
369;6.5,32.25;18.25,25.75;35.25,2.25;50,60;6.25,42.25;9,19;33.75,21.5;39.5,66.25
162;13.25,39;18.25,25.75;37,1.75;44.25,60.25;6.25,42.25;9,19;38,14.75;39.5,66.25
239;25.75,29.5;30.5,15.25;33.25,2.25;44.25,60.25;6.25,42.25;22,21.25;35,1.5;41,66.75
663;14,21;29.5,14;31,11;44.25,60.25;6.25,42.25;18,14;29.5,11.5;41,66.75
1286;5.25,19.75;29.5,14;36.75,1.5;50.5,60;14.25,42.25;18,14;38.75,19;41,66.75
426;2.25,18.75;31.5,15.75;39,5.75;55.5,60.5;14.75,47;17,15;38.75,19;41,66.75
1508;15.75,17.75;32,11.25;38.25,2;55.5,60.5;14.75,47;15.75,15.25;37.5,28;47,67
1674;11.25,10.25;31.5,10.75;32,3;55.5,60.5;29.5,40.25;30.5,9.5;38.5,14.25;47,67
787;3.25,23.5;21,26.75;32,3;55.5,60.5;15,28.5;37.5,19.75;39.5,14.75;45.5,66.5
1046;7.25,22;16.5,18;38.75,1.5;55.5,60.5;8.5,17.25;33.75,2;37.5,19.75;43.5,60.5
1740;15.75,34.75;16.5,18;39.5,1.75;55.5,60.5;3.75,9.5;34.5,10;39.5,13;45.75,67
18;9.5,40;16.5,17.25;39.5,1.75;41,60.25;17.5,9.75;21.25,12.25;39.5,13;45.5,66.5
736;12.25,52.75;17,17.75;37.75,3.5;41,60.25;9,18.5;18.75,8.75;23,7.5;45.5,66.5
1579;1,61.75;30.5,16.25;35.25,5.75;41,60.25;9,19;18.75,8.75;22.5,7.5;40.75,66.25
53;6.75,63.25;11.25,23.75;35.25,5.75;42.5,41;4.75,27;18,28.25;22.5,7.5;45,48.5
535;1,56.5;1.75,32.5;42.25,1.75;42.5,41;4.75,27.5;21.25,43.75;22.5,7.5;45,48.5
1331;1,56.5;10,40.5;42.25,1.75;42.25,26.25;9.5,16.25;21.25,50.25;28.75,2;45,48
1117;1.5,58.75;20.75,39;45.75,1.75;49.5,28;9.5,16.25;12.25,47;28.75,2;48.25,46.75
1434;5.5,67.5;12.75,29.75;45.75,1.75;47.5,25.75;4.25,20;20.5,56.5;28.75,2;49.25,45.25
1150;8,67.25;15,18.5;32.75,1.75;47.5,25.75;5,20;28,47.75;28.75,2;46.5,46
363;8,67.25;12.25,10.75;24.25,3.25;47.5,28.75;6.25,20.25;10.25,43.5;35.75,19;46.5,46
367;2.5,60.25;13.25,3;24.25,3.25;37.25,31.75;4.75,24.75;19.75,54.25;42,13.25;46.5,46
1707;2.5,60.25;10.25,3.25;24.25,3.25;30.75,27.25;1.25,42.25;37,62.75;42,13.25;44.5,46.5
620;2.5,60.25;10.25,3.25;29.5,12.5;34.25,39;3,56.75;40.25,66.5;42,13.25;44.5,41.5
337;2.5,60.25;10.25,3.25;29.5,12.5;44,26.75;19.25,55.25;25.25,69.75;32,11.5;37,39
1177;2.5,60.25;11.25,9.75;29.5,12.5;42.25,31.25;15,56.5;18,62.25;28.25,2.5;29.25,47.5
1546;2.5,60.25;4.75,11.25;34.5,23;45,26.25;11,60.75;21.5,50.75;28.25,2.5;30.5,34.5
244;7.25,62.25;10,17.5;43,40.5;44,33.25;19.5,66;21.5,50.75;28.25,2.5;30.5,34.5
1166;10.25,52.75;26,23;37.25,27.75;46,33.75;19.75,65.5;21.5,50.75;25.25,7;30.5,34.5
1326;8.25,54.25;30.75,24.75;40.25,35.75;42.5,41;19.75,65.5;21.5,50.75;25.25,7;31.25,40.25
144;0.25,44.75;32.5,12.25;37,40.5;41.25,33.75;14.25,66.25;21.5,50.75;25.25,7;29.25,48
198;7.75,40.5;32.5,13.5;33.5,31;39.5,41;13.5,65.75;21.5,50.75;25.25,7;28,47.25
1305;10,32.25;18.25,3;34,27;39.5,41;21.5,50.75;25.25,64.25;26.75,7.75;35.75,62.25
1208;15.5,23.75;18.25,3;34,27;45.5,35.25;7.75,49.5;25.75,65.25;33.75,2.5;36,62.75
1713;3.25,23;18.25,3;30.5,20;45.5,35.25;8.5,46.75;26.75,71.25;33.75,2.5;42.75,66.25
1139;3.25,23;22.25,3;23.5,23.5;44.75,35.75;8.5,47.25;20,59.75;30.5,5.25;42.75,66.25
322;14.25,21.75;22.25,3;32,18.75;44.5,35.25;8.5,47.25;20.5,59.75;24,16.5;46.25,65.25
890;5.75,17.25;29.5,13.25;32,15.25;39.75,40.75;8.5,47.25;9.75,65.75;35,18.75;46.25,65.25
233;3.25,18.25;32.5,2;33,3;34.5,39.25;8.5,47.25;9.75,65.75;36.5,14.25;46.25,65.25
4;4.25,18.75;36.5,5.75;42.5,3;44.5,33.75;5.25,42.75;9.75,65.75;34,11;46.25,65.25
107;5.25,22;38.75,1.5;43,3;49.5,34;5.25,42.75;10.25,65.75;34,11;45.5,66.5
1137;1.75,25;32,11.75;43,3;44,31.75;1.25,30.25;16,65.75;31,12.25;45.5,66.5
1748;13,20;22.75,23.5;33.25,5.75;36.75,40.75;1.25,30.25;22.75,66.75;45,12.75;45.5,66.5
1314;4.25,19.25;29,28.5;39.5,5.75;46,34.75;6.25,40;22.75,66.75;45,12.75;47,69
1552;4.25,19.75;21.75,39;32.5,2;36.5,41;6.25,40;23.25,66.5;34.5,12.5;47,69
678;11,19.25;20,46;21.25,3.5;33.25,55;6.25,40;18.5,60;28.25,3;47,69
1516;15.75,30.25;23.25,54.5;29.5,13.25;30,58.5;4.25,44;18,59.75;28.25,3;47,69
1037;7.25,35.5;24.25,55;30.5,19.75;35.5,58;4.25,44;18,59.75;32.5,12;47,69
389;9,27.25;17.25,54.5;28.25,24.75;35.5,58;12.75,43.25;14,66.75;32.5,12;46.5,68.75
42;12,20.25;26,53.75;31.5,14.25;32,52.5;12.75,43.25;13,66.75;41,14;46.5,68.75
1539;4.75,8.75;12,54;33,12.5;35.5,60.25;6.75,42.5;13,66.75;41,14;46.5,68.75
1155;16.25,5;19,51.75;26.25,3;28,53.75;6.75,42.5;13,66.75;33,20.75;46.5,68.75
1011;2,9.5;17.25,62.75;21.25,3.5;31.75,65.75;6.75,42.5;15.75,60.5;32.25,7.75;46.5,68.75
656;4.25,11.25;22,56.5;29.5,13.25;34,69.25;6.75,42.5;21,62;27.25,6.5;46.5,68.75
304;11,26;17,54.25;37,3.75;43.75,60.25;12.75,45.5;21,62;27.25,6.5;46.5,68.75
1472;17.5,40.5;22,39;42.5,2.5;43.75,60.25;15.75,50;21,62;36,20.25;44,70
659;11.25,52.25;17.75,54.5;31.5,11.75;43.75,60.25;15.75,50;22,62.25;27.25,25.25;39.75,68.75
975;7,55;25.5,59.25;36.75,3.5;43.75,60.25;14.25,43;22,62.25;25.75,17;44.25,68.5
519;5.75,64.25;34,67;35,1.5;43.75,60.25;4.75,43;22,62.25;25.5,16.75;46.25,59.75
212;18.5,65.75;27.5,52.75;32.25,1.75;34,67.25;5.75,39.75;23.75,67;25.5,16.75;46.25,59.75
6;20.25,60.75;29.5,39;33,11;34,67.25;5.75,39.75;23.75,67;26,22.75;45.25,60.5
1671;22.5,68;28.25,32.75;31.5,13;34,67.25;10.75,41.5;29,54.75;35.5,13.5;45.25,60.5
35;7.75,58.75;26,23;32,13.75;34,67.25;6.25,44;20.25,43.5;35.5,13.5;39.5,66.25
1340;2.5,64.75;28.25,28.25;32,13.75;34,67.25;3.75,42.5;19.75,31.75;24.5,16.5;41,66.75
396;6.25,59.75;15.75,18.5;32,13.75;34,67.25;11,55.5;14.25,28.25;18,28.25;41,66.75
1529;10.25,52.75;10.5,9;22.75,23.5;27.75,66;11.25,56;14.5,17.5;18,28.25;41,66.75
1437;4.5,58.75;7.25,17.75;20.75,39.5;22.25,55;10.75,57.75;18,28.25;26.25,19.5;41,66.75
1285;6,67.25;7.75,6;22.75,40.5;24.75,53;16.5,54.25;21.75,25.75;26.25,19.5;41,66.75
1179;6,67.25;7.75,6;21,26.75;26.5,54.25;15.5,54.5;30.25,39.5;32,13.25;41,66.75
420;6.25,64.75;14,9;21.5,24.5;26.5,54.25;22,57.75;31,46.25;32,13.25;35.25,60
852;8.5,54;9,25.5;32.5,37;33.5,53.75;22,57.75;31,46.25;34,11;35.75,60
507;7.75,40;13.25,20.25;21.75,40;33.5,53.75;17.25,42.75;22,57.75;29,5.25;35.75,60
247;6.75,34.5;7.25,24.5;21.25,39.5;30,57;3.75,40.75;22,57.75;29,5.25;35.75,60
214;6.75,34.5;7.25,24.5;24.25,46;25.75,52;7.5,29;9.75,57;33,11.75;45.25,46.25
1507;1.75,30.25;13.5,22.25;24.75,45.75;30.5,57.5;7.5,29;10.25,56.75;33,11.75;47.75,45.75
503;1.75,22;5,32.25;29.75,37.25;34,66.75;8.5,21.25;18.5,55.5;33,11.75;47.75,45.75
45;1.75,22;5,32.25;20,26.5;34,66.75;10,14.75;17,66.25;42.5,14.75;45,47
801;9,27.25;13.5,40.5;13.75,23;34,66.75;4.5,26.25;4.75,66;42.5,14.75;48.5,36.25
609;4.75,24;13.5,40.5;13.75,23;26.25,54;2.25,39.25;2.25,53.75;42,21.5;44,29
750;4.75,24;15.75,34.75;20.5,26.25;26.25,54;2.25,44;2.75,52.5;37.75,33.75;49.75,33
69;1.75,17.75;7.25,33.5;20.5,26.25;26.25,54;0.75,51.25;11.25,50;40.75,39;50.25,31.75
177;1.75,17.75;12.25,19.75;21.5,40;26,52.75;9.25,44;14,55.5;29.5,36.25;50.25,31.75
935;6.25,17.75;17.75,25.75;21.75,40;26,52.75;3.25,43.75;14,55.5;30.25,36.75;52,45.5
1613;6.25,17.75;9.25,35.5;20.25,27.25;27.5,60.75;3.25,43.75;10.75,61.75;33.5,45.75;46.75,46.25
516;8,5;8,29;8.25,36.5;27.5,60.75;15.25,42.5;15.75,60.5;22.75,53.25;46.75,46.25
636;3.5,9;5.75,9.75;13.25,53.25;24,59.75;14.25,58.5;15.25,42.5;22.75,53.25;44.5,34.5
667;2.5,8.75;5.75,9.75;8.75,63.75;25.5,60;14.25,58.5;22.75,53.25;26,42.25;32.25,33.5
1714;3.25,17.25;7.25,24;9.75,53.75;30,58;4.75,68.5;22.75,53.25;26,42.25;32.25,33.5
735;3.25,20.25;4.25,10.5;4.5,67;19,65.75;4.75,68.5;10.75,41;13,47.25;32.25,33.5
960;2.5,36.25;4.25,10.5;4.5,67;27.75,54;5.25,68.25;20.5,25;21.5,47.5;31.25,32.5
1216;4,45.75;6.25,10.25;9.75,53.25;24.25,53;5.25,68.25;17,31.75;26.25,41.5;31.25,32.5
1076;2,59.75;6.25,10.25;10.75,54.75;24.25,53;5.25,68.25;14.25,44.25;16,28.25;31.25,32.5
351;8.25,64.25;13,10;20.25,60.75;33,55;13.5,66.75;14.25,44.25;16,28.25;29.5,29.25
1716;11.75,51.75;16.25,6.25;21.5,69;26.5,40.5;13.5,66.75;14.25,44.25;16,28.25;43.25,28.75
808;3.5,62.25;7.75,9.75;21.5,69;37.25,35.25;13,67.25;14.25,44.25;24,25.75;30,31.25
538;3.5,62.25;10.75,14.5;21.5,69;37.25,35.25;9.25,51;18.25,29;36,19.75;41.5,20
1299;1.5,61.75;10.75,14.5;21.5,69;37.25,35.25;6.25,41.25;14.25,24.25;32,14.75;43.5,14.25
241;5.75,63.25;10.75,14.5;30.25,69;41.75,30.75;6.25,41.25;14.25,23.25;31.75,7.75;45.5,13.5
540;5.75,63.25;8.25,3.25;24.5,65.75;41.25,39.5;6.25,41.25;23.25,21.5;26.75,7.75;39.5,11.5
530;3,62.75;8.25,3.25;21.5,66.75;46,32.25;6.25,41.25;17,16;20,12.25;47.5,14.25
1431;5.75,60.25;7.25,3.25;25.5,57;41.25,33.25;6.25,41.25;17,16;20.25,11.75;34,11
629;2,60.75;7.75,10.5;25.5,60.5;40.75,31.25;6.25,41.25;17,16;27.25,2;29.5,9.25
1256;12.25,53.25;14,18.75;22.5,60.75;30.75,24.25;8.75,43.75;15.75,15.25;27.25,2;29.5,9.25
1060;2,62.75;3.75,19.25;23.75,59.5;32.5,12.75;8.75,43.75;15.75,14.25;27.25,2;35.5,20.25
1180;2,62.75;9.25,26;23.75,58.5;36.5,5.75;8.75,43.75;15.75,14.25;35.75,6.5;38.5,14.75
328;7.5,67;14.25,22.25;32.25,52;45.75,1.75;9,54;15.75,14.25;30.25,3;38.5,14.75
707;8.25,64.75;13,10;25,40.5;33.25,5.75;9,54;10.75,23.75;30.25,3;38.5,14.75
1414;8.5,54.5;13,10;29.25,27.25;45.75,5.75;15,57;19,26.5;30.25,3;39,14
1081;4.5,62.75;10.75,24;29.5,40.5;31,2;15,57;19.75,27;30.25,3;37,20.75
670;1.5,63.25;5.5,28.5;30.25,40.5;36,5.25;15,55.25;26.75,25.75;30.25,3;37,20.75
1059;1.5,62.75;1.75,36.5;30.25,40.5;39,1.75;15,55.25;26.75,25.75;33.5,10;35.5,19.25
778;1.5,62.75;1.75,25;30.25,40.5;39,1.75;18.75,58.75;29.75,29.75;34.5,11.25;42.5,13.25
249;1.5,62.75;1.75,25;30.25,40.5;39,1.75;17.5,62.5;35.5,36.25;36.5,19.75;49.75,21.75
294;1.5,62.75;3.75,34;19,39;39,1.75;19,63.75;40.5,31;41.5,18.75;49.75,20.25
882;1.5,62.75;3.75,34;15.5,46;40.5,4.25;5.5,57.25;41,30.75;47.5,21.5;59,20.25
814;2.5,59.25;6,36.25;22.75,55;32,4;5.5,57.25;41,30.75;51.5,26;59,20.25
419;2.5,59.25;6.25,32.5;26.5,56.5;42.5,3.5;5.5,57.25;41,30.75;45,12.5;52.5,19.5
661;9,53.5;13.5,29.75;20.75,70;33.25,1.75;14,68.25;40.5,30.5;45,12.5;52.5,19.5
1113;9,53.5;9.25,39.5;16.75,62.25;41.25,1.25;16.75,57.5;37.5,20.25;38,12.5;52.5,19.5
517;1,63.75;4.75,44.75;16.75,62.25;36,1.75;12,66.5;25.75,22.5;38,12.5;51.75,21.25
1443;1,63.75;10.25,53.25;10.5,54.5;32.5,12.5;3.5,72;27.75,20;36.25,22;51.75,21.25
1699;6.75,61.75;10.25,52.75;24.5,53.75;25.25,3;3.5,71.25;27.75,20;42.5,12.5;51.75,21.25
1388;8.25,59.25;12.5,67.5;22.5,66;25.25,3;5.25,59.5;30.5,5.25;41,14;51.75,21.25
1316;21.25,56.5;23,58.5;24,53.75;25.25,3;13,56;30.5,5.25;41.25,26.75;46,25.75
75;21.25,56.5;23,58.5;24,53.75;34.5,1.5;15.75,44.5;30,10.5;36.5,19.75;48.5,22
810;19.25,60;22.75,55;23,58.5;34.5,1.5;3.75,41.75;23.75,11.5;42.5,13.5;49.25,21.25
1078;6.75,62.25;26.25,53.5;34,66.5;36.75,4;10.5,49.25;23.75,11.5;45.5,13.5;49.25,21.25
57;2.5,61.25;26.25,53.5;31.75,60;36.75,4;21.5,47.5;23.25,12;43,13;50.5,22
335;2,63.25;29,66.75;29.25,59.5;36.75,4;21,46.75;23.25,12;33.75,3;50.5,22
9;2,63.25;28.75,68;30.25,67.5;41.25,3.25;15,59.25;30.25,3;35.5,11.5;50.5,22
1066;11.5,68;13.75,67.5;26.5,53.25;41.25,3.25;14.75,58.75;26,4.75;40,13.75;50.5,22
1371;1,60.25;4,62.75;26.5,53.25;41.25,3.25;16.75,51.5;26.5,17.75;44,13.75;50,25.75
1410;1,60.25;11,55;14.25,52.25;31.5,3.5;11.75,55.75;27.25,25.75;33,12.5;50,25.75
125;8.5,54.5;24.25,58;26.75,53;38,1.75;9.25,43;15.25,31.75;33,12.5;50,25.75
1560;8.5,54.5;28.5,51.75;29.25,40.5;38,1.75;6.5,45.5;8.25,20.75;36.5,13.75;47,33.5
795;8.5,54.5;25.75,39.5;29,56.5;41.25,4.75;6.5,45.5;8.5,16.25;27.75,18;37,28.5
1165;8.5,54.5;25.75,39.5;30.25,57.75;32.5,14.25;3.25,41;9.25,15.25;21.75,25.75;48,30.5
1545;16.75,58.5;27.5,51.75;34.25,53.25;37.25,26.75;3.25,41;9.25,15.25;23.5,19.75;47.25,30.75
892;18.5,70;21,60.75;25.5,60.25;45.25,35.75;1,31.75;9.25,15.25;23.5,19.75;47.25,30.75
437;14.75,68;17.25,62;31.75,58.25;40.75,29.75;1,31.75;9.25,15.25;23.5,19.75;40.5,39.25
320;6.5,67;8.75,59.25;29.25,56.75;40.75,29.75;3,27.75;11.25,19;23,19.75;40.5,39.25
399;1,59.25;4,62.75;23,58.75;42.75,31.25;3,27.75;11.25,19;27.75,18;40.25,40.25
279;3,59.75;5.75,59.75;19.25,57;46.5,35.25;3,27.75;11.5,18.5;26,6.25;40.25,40.25
677;0.75,56.5;1,58.75;24.25,53;46.5,35.25;3,27.75;11.5,18.5;17.5,8.75;46.5,45.5
695;2,63.25;4,64.25;24.25,53;47.25,35.75;3.25,40.75;4.25,28.5;19.25,7.5;46.5,45.5
579;2.5,64.25;4,64.25;21.75,40;47,34.75;3.25,40.75;3.75,28.25;31,12.75;38.5,36.75
573;3,61.25;3,62.75;11.25,40.5;42.75,31.25;3.25,24.5;3.25,40.75;31,12.75;31,46.25
644;3,61.25;16.25,63.75;17.25,39.5;42.75,31.25;6.25,11;6.5,52.25;27.5,16.75;30.75,39
565;6.25,63.75;25.5,57;29,31;33.5,34;6.25,11;16,46.75;27.5,16.75;43.25,34.25
635;7.75,61.75;21.5,66;42.25,26.75;44.5,26.25;6.25,11;16,46.75;32.75,22;41.25,40.25
1;7.75,61.75;22.5,69.5;43.25,35.75;49.5,27;6.25,11;22.75,52;32.75,21;47.25,45.25
1189;9.5,54.5;22.5,69.5;45,32.25;46.5,25.75;6.5,16.25;16.75,59;42,12.5;47.25,45.25
282;3.5,61.25;22.5,69.5;47.5,32.25;49.5,31;6.5,15.75;14.25,43.25;32.75,2;47.25,45.25
767;8.25,63.75;17.75,66.75;47,32.75;49.5,31;5.5,14.5;13,47.25;32.75,2;39.5,60
1031;8.25,64.25;10.25,52.75;30.25,34.25;42.75,30.75;3.25,14.25;13,47.25;32.5,12.25;39.5,60
607;8.25,53.75;8.25,64.25;29.5,39.5;46.5,29.25;3.25,14.25;12.5,47.5;34,10.75;41.75,67.25
835;7.75,39.5;16.75,58.5;29.5,39.5;42.25,33.25;2.75,14.5;11.75,61;34,10.75;36.25,66.25
502;7.75,39.5;27.75,68;28.25,53;42.25,33.25;10.5,7.75;15.25,69.75;17.25,8;35.75,66
576;7.75,39.5;28.75,68.5;33,37.75;37.25,26.25;12,22.5;14,68.25;17.25,8;27.75,71.25
1074;2.75,19.25;24,58.75;29.25,58;29.5,11;12,22.5;16.25,50;17.25,8;22.5,66.25
372;2.75,19.25;20.25,70;23,57.25;29.5,11;0.75,15.25;3.25,52.25;13,20.75;23.25,65.75
715;5.25,24;19.25,58.5;20.5,60.75;42.5,1.5;0.75,15.25;3.25,52.25;8.25,22.75;17.25,57.5
336;7.25,28.5;8.75,63.75;24.25,54.5;36.25,1.5;0.75,15.25;3.25,52.25;8.25,22.75;8.75,66
167;9.75,33.5;23.75,55;32,39.75;43.25,3.25;0.75,15.25;6.75,49.25;8.25,22.75;11.75,61
850;19.5,28;31.25,65.75;42,40.5;42.25,3.75;0.75,15.25;5.75,48.5;8.25,22.75;18,66.25
182;28.25,23;31.75,58.25;34,36.25;42.75,3.25;0.75,15.25;5.25,48.25;8,24;18,66.25
60;17.5,39;21.5,66.25;26.5,39;31,11;0.75,15.25;3.25,44.5;8,24.5;18,66.25
751;13,40.5;21.5,66.25;26.5,39;42.75,5.75;1.25,14.75;8.25,64.25;9.25,28;27.75,71.25
720;10,40.5;25.5,60;43.25,40.25;45.75,1.75;3.25,28.75;8.25,64.25;23,17.75;27.75,71.25
504;25.25,39;25.5,60;35.75,39;40.5,2.75;9.25,44;17.75,54;20.5,30.5;27.75,71.25
910;18,55;27.25,65.75;41.75,32.75;43.75,1.75;9.25,44;17.75,54;33,21.75;35.5,70
740;13.25,52.75;22.75,69.25;39.75,25.25;43.75,1.75;5.25,41;7.25,41.75;33.5,13.5;35.5,70
1357;6.75,60.25;8.5,67;30,11.25;43,1.5;5.25,41;16.75,57.5;33.5,13.5;36,70
977;8.5,67;8.75,61.25;32.25,1.25;45.75,4.75;5.75,49;16.75,57.5;22.25,21.75;36,70
1012;8.5,67;12.75,51.75;31.5,3;34,1.5;6.75,44.25;11.5,47;22.5,26.5;36,70
568;3,60.25;9,53.5;31.5,3;43.75,1.75;6.5,47.5;8,47.25;11.75,11.5;36,70
1515;14,52.5;25,54.25;33.5,14.75;37,2.75;8,47.25;9.5,66.5;11.75,11.5;36,70
878;9.25,54.75;11.5,52.5;14.5,19;41.75,3.75;1.5,47.5;8.25,60.75;11.75,11.5;36,70
1201;9.25,54.75;21.25,40;23.75,31;42,4.5;1.5,47.5;2,68.25;7.5,15.25;37,68.25
1720;11.5,40.5;28.5,39;28.75,37.25;42,4.5;6.25,42.25;6.75,64;7.75,14.75;37,68.25
180;8.75,53.75;23,59;32.25,53.75;42,4.5;6.25,42.25;7.25,61.75;13.75,12;38,67
1672;13.75,67;23,57.75;23,60.25;42,4.5;2.75,40.75;8,47.25;26,3.25;38,67
547;5.75,63.25;10.5,53;27.25,54;33.5,15.25;3.25,28.75;8,47.25;32.5,11.75;38,67
1628;0.25,68.75;7.25,63.75;32.75,65.75;33.5,15.25;3.25,28.75;7,47;21.25,19;38,67
70;1.5,59.75;18.5,65.75;25.25,54.5;31,18.5;3.25,28.75;9.5,54.25;32,13.25;38,67
1717;2.5,61.25;18.5,65.75;22.25,40.5;32,4;8.5,21.25;11.25,43.75;32,13.25;38,67
648;8.25,61.75;26.75,52;30.5,26.5;32,17.25;1.75,16.25;11.25,43.75;26.25,22;38,67
142;17.25,60.25;24,68.5;24.75,39;42.25,26.75;1.75,16.25;2.75,51.5;38,33.25;38,67
758;31.75,60.75;39.5,60.25;42.25,31.25;47.5,34.75;1.75,16.25;2.75,42.5;38,33.25;38,67
1058;23,57.75;39.5,60.25;39.75,29.75;47.5,31.75;0.75,23.25;5.75,21.5;38,33.25;38,67
995;21.5,69.5;29.25,57.75;30.5,16.75;47.5,31.75;9.5,9.75;17.25,13.5;21.75,44.5;38,67
1268;18.5,65.75;19.5,60.75;33,12.5;33,36.5;9.5,9.75;27.25,1.5;33.75,32.5;38,67
319;24,70;25.5,59.75;27.75,31;32.5,35.5;9.5,9.75;30.5,12.5;33.75,32.5;38,67
124;20.25,65.75;24.75,40;27.75,31;32.25,54.75;5.75,9.25;15,20.25;32.5,12.75;38,67
727;24.75,53;25.5,40.5;29.5,28;30.25,69;7.75,11;15,20.25;32.5,12.75;38,67
416;22.25,39;23.75,31;32.5,18.25;34.25,60.75;7.75,11;12.75,16;32.5,10.75;38,67
718;23.75,31;28.25,34.75;31.5,37.75;41,60.25;2.5,21.25;6,14.5;32.5,10.75;38,67
238;14,40;15.75,30.25;25.75,40.5;33.75,56.5;6,14.5;13,23.25;32.5,10.75;38,67
315;14,40;15.75,30.25;41.25,39.5;47.5,60.5;5.5,16.25;16,28.75;27.75,21.5;38,67
1383;5.5,30.25;18.75,40;41.25,39.5;57.25,60.25;4.75,24.75;21.75,25.75;27.75,21.5;28.75,71.25
515;4,30;8.5,54.5;37.25,33.75;57.25,60.25;8,12;8.75,22.5;15.25,22.5;28.75,71.25
1754;16.5,25.5;17.75,63.25;40.25,28.25;44.75,60.25;2.75,24.75;8,12;15.25,22.5;28.75,71.25
1217;15,19.25;34.25,56.5;37.25,32.75;43.25,39;2.75,24.75;8,12;17.75,43.75;25.25,73.25
375;4.25,18.25;34.25,56.5;39.25,35.25;43.25,39;1.75,10;12.25,21.25;17.75,44;21,66.75
158;13,10;23.75,58;28.25,29.25;33.5,41;1.75,10;12.25,21.25;25.5,61.75;38.25,69
283;13,11.25;23.75,58;26.5,39;28.25,29.25;1,11;3.75,23.25;18.25,67;23,63
1522;15.5,18;17,52;20.5,45.75;29.5,30.5;1,11;3.75,23.25;16.25,55.25;26.75,54.25
478;2.75,18.75;8.25,63.75;17.25,59;32.5,16;3.75,23.25;5.25,9.25;16.25,55.25;26.75,54.25
1433;1.75,29.75;6.25,59.25;30.75,70;38.75,1.5;4.75,39.75;5.25,9.25;9.25,42;26.75,54.25
78;11,40.5;12.5,53.5;24,53.25;30.5,11;4.75,39.75;8.5,12.5;9.25,42;19.75,69.75
268;8.25,54.25;11,40.5;12,52.5;30.5,10.75;2.25,42.5;8.5,12.5;8.5,55.25;13.75,66.25
859;4.5,62.25;9,26.75;28.75,52;29.5,28.5;4,49;8.5,12.5;8.5,55.25;12,69.75
1702;7.25,58.75;8.75,36.5;23.75,46;40.75,39.5;4.25,49.5;8.5,12.5;8.5,55.25;20.75,69.75
1318;9.25,54.25;12.25,54.25;26.25,53;39.5,39.75;7.25,41;8.5,12.5;8.5,55.25;21.5,62.5
1430;8.5,55;8.75,63.75;19.25,59.5;47,34.25;6.25,40.25;8.5,12.5;14.25,58.5;21.5,62.5
1055;7.25,40.5;12.25,53.75;32.25,65.75;47,34.25;6.25,40.25;18.75,24.5;21.5,66;22,56.5
908;7.5,55;11,40;32.25,65.75;47,29.75;16,46.75;18.75,24.5;19.25,59.25;27.75,69.75
724;5,47.25;14.75,40.5;32.25,65.75;46,30.75;13.5,50.5;18.75,25;19.25,59.25;28.25,61.75
804;10.25,54.25;11.25,40.5;32.25,65.75;46,30.75;12.75,50.25;17.5,25.75;19.75,59.25;40.5,67
1067;6.75,60.25;16,46;32.25,65.75;45,34.25;12.75,50.25;17.5,25.75;23.75,59.5;39.75,68.75
595;13,53;16,63;18.25,65.75;45,34.25;1.5,55.75;18.5,26.5;23.75,59.5;45,62.25
460;7.25,61.75;9.25,63.25;24.25,54.5;33.5,30;9,58.5;12,31.75;23.75,59.5;45,62.25
1495;3.5,60.25;20.5,65.75;34.25,53.25;40.75,33.75;9,58.5;12.75,31.25;24.5,52.5;45,62.25
757;3.5,64.25;25.25,65.75;47,60.5;49.5,29.5;3.25,62.5;12.75,31.25;24.5,52.5;45,62.25
1190;10.25,52.75;17.75,68.25;34,67.5;49.5,29.5;3.25,62.5;13.25,31.25;26.5,42.25;28,61.75
67;5.75,40;8.75,60.75;29.25,58.5;47.5,32.75;15.5,62.5;16.5,17.75;26.5,42.25;28,61.75
580;3.25,32;14.75,40.5;38.5,60.5;47.5,32.75;0.5,62.5;16.5,17.75;32.75,46;34.25,53.75
1550;3.25,32;4,45.75;30,51.75;47.5,32.75;1.5,61.25;2.75,16.25;17.5,50.25;26.5,63.25
237;6.25,18.75;16.75,39;17.75,55;47,34.25;1,61.75;2.75,16.25;8.75,49;26.5,63.25
138;15.25,3.25;17,40;17.5,39.5;48.25,25.25;1.75,62.75;2.75,16.25;7.75,44.25;26.5,63.25
1595;9,17.25;29,31;33.5,39.75;37.25,28.75;1.5,62.25;2.75,16.25;7.75,44.25;25.75,71.25
1176;3.75,33;31,20;32.25,39.5;47.5,34.25;1.75,60.75;2.75,16.25;5,59;25.75,71.25
847;3.25,20.25;13.5,9.5;39.75,35.75;44,31.25;1.75,60.75;4,34;5,59;23.75,59.5
871;1.25,12.75;30.5,14;45.5,33.75;46,28.75;1.5,61.25;4,34;5,59;21.25,44.25
1743;11.25,9.5;30.75,1.25;41.25,26.75;49.5,32;1.5,61.25;4,34;19,64.5;21.25,44.25
301;8.75,4.75;33.5,15;33.5,32;35,39.75;1.5,61.25;4,34;13.25,58.25;16.75,43.25
382;13,10;25.25,23;41.75,30.75;49.5,29.5;1.5,61.25;8.75,43;13.25,58.25;28.75,37
1611;13,10;31.5,23.5;32.5,33.5;49.5,29.5;12.25,50;19.75,54.25;22,58.25;29.5,36.75
1184;3.25,10.75;17.75,27;20.5,23;44.25,25.25;11.75,44;19.75,54.25;22,58.25;29.5,36.75
250;5.75,18.25;6.75,20.25;33.5,19.75;41.25,27.25;6.75,43.25;16,47.5;22,58.25;29.5,36.75
1334;4.75,8.75;16.25,6.25;33.5,14.5;37.25,28.75;9.75,43.75;16,47.5;22,58.25;41.75,36.25
229;4.75,8.75;16.25,6.25;33.5,14.5;49.5,34;4,58.75;8.5,49.5;8.5,55.25;47,35.25
1146;3.75,23;8,5;32.5,2;49.5,34;4,58.75;13.25,64.75;13.75,42.25;48,46.5
424;6.5,40;7.75,10.5;32.5,2;49.5,34;6.5,55.5;14,65.75;23,46;41.5,39.75
599;6.5,40;6.75,17.75;33.5,14;49.5,34;6.5,51;7.5,65.75;12.25,43;44.25,28.5
1241;9.5,53.5;16,17.5;33.5,14;42.25,25.75;6.5,51;7,66.25;28.25,42;51.5,22
222;4.5,62.75;16.25,3.25;32.75,3.25;47.25,25.25;6.5,51;7,66.25;28.25,42;51.5,20
922;2.5,61.75;16.25,3.25;32.75,3.25;39.25,30.75;7,51.25;13.25,69.75;33.25,46;39,11.25
400;5.75,58.75;8.75,6.25;32.75,3.25;42.25,30.25;16.25,43.5;17,60.5;33.25,46;39.5,11.5
1352;12,46;16.25,17.25;30.5,13;42.25,30.25;19.25,45.5;23,55.75;33.25,46;49.25,19.75
1736;2.5,39.75;16.25,17.25;30.5,13;42.25,30.25;19.25,45.5;30.25,47.5;32.75,46.5;37.25,19.5
1605;2.5,39.75;16.25,3;27.75,28;39.25,32.25;19.25,45.5;32,47.75;37.25,53.75;52.25,18.75
1655;5.75,40;16.25,3;34,28.5;39.25,32.25;19.75,46.25;36.25,42;47,46.5;57.25,21.5
1159;5.75,40;11.75,20;17.5,23.25;41.25,40.75;5.75,58.25;22.25,50;46.5,46.5;57.25,21.5
54;3.25,32;4.25,9.75;7.25,18.25;29.75,39.5;5.75,58.25;12.25,41.5;46.5,46.5;47.5,21.5
1475;1.75,30.25;2.25,10.25;5.75,19.25;26,39;12.25,41.5;15.75,55.25;46.5,46.5;46.75,33
0;2,45.5;2.5,11.25;6,36.25;26,39;7.25,49.75;9.25,41.75;36.25,36.5;46.5,46.5
1252;2,45.5;8.75,4.75;10.25,33;26,39;4.75,44.25;5.5,55.5;29.25,29;45.5,34.75
1636;1.5,45.75;8.75,6.25;10.25,33;17,52;4.25,44;5.5,55.5;37.5,14.75;42.75,32.75
1259;3.75,35;4.25,18.75;11.25,23.75;17,52;4.25,44;10.5,66.25;23.75,12.5;43,47.5
101;3.75,35;5,11;5.75,24.5;13.75,52.25;3,53.25;10.25,65.75;19.75,17.5;43,47.5
602;4.75,34.25;5,11;5.25,23.5;10.5,52;1.75,41.75;5,59;9,9.25;43,47.5
1452;1.75,29;2,9.5;3,10.5;12.5,67.5;2.25,41.25;5,58;9,9.25;43,47.5
1440;2,9.5;3.75,24;7.25,16.75;8.25,53.75;1.25,41.25;4.25,43.25;8.5,9.25;43,47.5
1172;2,9.5;3.75,24;7.25,16.75;18,39.5;1.75,53.75;3.75,43.75;4.5,23.75;45.25,33.25
243;9.75,16.75;11.25,39.5;16.75,18;32.5,28.5;1.75,53.75;3.75,43.75;8.25,20.75;45.25,33.25
819;1.75,30.25;9.75,35;22.25,3;24.75,31.5;1.75,53.75;3.75,43.75;8,21.25;31.25,40.25
1147;6,39.5;17,39;38.5,2.75;39.75,26.75;1.75,53.75;3.75,43.75;19.25,21.25;45,29
312;3.25,34;28.75,40;37,2.75;39.75,26.75;3.75,43.75;5.75,59.5;14.75,9;35.25,21.5
742;11.75,20;33,27.5;43.25,2.25;49.25,35.75;3.75,43.75;5.75,59.5;28.25,3;52.5,20.5
1742;11,20.5;40.25,26.75;45.25,1.25;49.25,35.75;2.25,41.75;5.75,59.5;28.75,6;48.75,29.5
245;2.25,18.75;35.5,39.25;45.75,4.25;49.25,35.75;3.25,44;5.75,59.5;31,13.75;44.75,45.75
1267;2.75,9.75;35.5,39.25;41.5,4;49.25,35.75;19.75,43.5;22.75,53.25;35,14.5;35.25,30.5
484;3,10.5;28.5,51.75;31.75,1.75;36.75,40.75;19.75,43.5;25.25,67.75;30.25,2;35.25,30.5
1303;9,16.5;19,40;31.75,1.75;32.5,34.5;19.75,43.5;19.75,59.25;26.25,2;34,13
1149;13,23;21.5,39.5;31.75,1.75;41.75,40.25;19.75,43.5;20.5,63;32,13.5;35.5,13.75
430;13,23;24.75,53.5;32.5,13;40.75,32.75;12.5,56.5;23.5,64.5;32,13.5;36.5,3.5
310;12.5,24.5;22.25,60.75;32.25,3.25;39.25,39.5;11.5,69.75;18.75,58.75;32,13.5;36.5,3.5
1057;5.25,21.5;30.25,68.5;36.25,4.5;38.75,39.75;11.5,69.75;14,55.5;36.5,3.5;41,12.5
1533;5.25,21.5;34,56.5;36.25,4.5;38.75,39.75;1.75,62.75;9,59.25;32.75,2;53.5,14
627;2.25,33;31.75,58;36.25,4.5;38.75,39.75;1.75,62.75;8.25,44;30,10.25;47.25,21.75
378;6,33.25;34,69;36.25,4.5;49.5,35;1.75,62.75;18.75,44;34.25,6.5;51.5,22
494;6,45.5;27.25,70;32,19.25;49.5,35;1.75,62.75;7.25,42;46,13.25;52,13.75
900;6,45.5;27,56.5;29.5,15.25;42.75,35.25;1.5,62.25;7.25,42;47.5,29.25;52.25,19.75
1040;14.5,45.5;26.5,53.25;40.5,2.75;49.5,30.5;0.5,68;7.25,42;49.25,29.75;52.25,19.75
1677;24.75,39;30,59;31.5,16;33,34.5;4.25,69.25;6,31.25;49.25,29.75;52.25,19.75
862;10.25,33.5;22.75,69.75;31,4.5;32,52.5;4.75,65;6,31.25;49.25,29.75;52.25,19.75
231;8.75,32;22.75,69.75;24.25,3.5;32,52.5;6,65.25;10.25,23.25;49.25,45.25;52.25,20.75
1670;20.5,40;22.75,68.25;33.5,13.5;34,68.25;7,53.25;9.5,22.75;49.25,45.25;52.25,20.75
920;17,25.25;22.75,68.25;32.5,28;51,60.5;7.75,52.75;20.75,15.5;49.25,45.25;51.5,14
982;5.75,24.5;30.75,65.75;32.5,28;51,60.5;16.75,44.25;31.5,11.75;44,29;51.5,21.5
961;18,26;30.75,65.75;32.5,28;51,60.5;10.25,41.25;31,13;44.5,42;50.25,33.5
1342;15.75,27;32.25,60.75;46,28.75;51,60.5;9.25,29.5;31,13;45.5,48;56.75,19.5
8;2.25,23.5;29.25,52;47.5,25.75;51,60.5;2,27.75;34,13.5;45.5,48;49.75,26.5
945;2.25,23.5;27.75,37.5;41.75,27.25;51,60.5;5.75,20.25;36.25,20.5;39,60.25;40,39.75
472;10,17.5;23.75,30;39.25,25.75;51,60.5;3.5,15.75;36.25,20.5;39.25,65.25;46.75,47.25
545;2.5,29.75;7.25,36;37.25,3.5;51,60.5;11,8.75;26,5.25;30.5,47.75;39.25,65.25
949;2.5,29.75;10.25,30.25;37.25,3.5;51,60.5;26,19.75;28.25,1.5;43.75,36;46,46.5
1691;6,35.75;6.25,25;37.25,3.5;51,60.5;25.5,22.75;32.5,11.25;47,47.5;47.25,35.75
1477;6,35.75;6.25,25;32.5,2;51,60.5;28.75,28.5;34.5,11.75;46,47.5;46.75,29.25
685;4.75,34.25;6.5,32.75;35,1.5;51,60.5;26.25,23;26.75,25.75;46,47.5;54.25,19.25
381;4.75,34.25;12.75,26.5;33.5,17.75;51,60.5;13.75,9.5;15.75,31.75;39,60.25;39.25,30.25
47;5.25,22.5;13.75,21.5;38,1.25;51,60.5;13,9.75;15.75,31.75;25.25,67.25;51,19
1111;9.75,39;13.75,21.5;42.25,1.25;51,60.5;13,9.75;33,46.25;33.25,46.5;41,28.5
822;9.75,39;17.75,17.75;36.5,5.75;51,60.5;30.5,9;31.25,39.5;40.25,39.5;41,14
694;17.25,60.25;20.5,24.25;41.25,3.75;51,60.5;34,19.75;38.5,19.25;40.25,39.5;52,14.25
1564;8.25,54.75;31.75,33.25;33.75,23.5;51,60.5;17.5,29.5;30.25,3;40.25,39.5;44.5,14.75
1358;10,40;33.75,23.5;37.25,30.25;55,60.5;17,29.5;30.25,3;43.5,27.5;50.25,19.75
1121;1.5,32.25;30.5,18.5;41.25,30.75;55,60.5;0.5,30;30.25,3;43.5,27.5;48.75,20.75
574;5.75,23.5;31.5,14;32.5,34;55,60.5;0.5,30;32,12;36.5,14.25;43,14
981;5.75,23.5;31,12.5;41.25,30.75;55,60.5;0.25,29.5;29.5,13;32.5,3.75;52,19
762;3,35.75;34,1.5;41.25,30.75;55,60.5;4.25,19;29.5,28.75;31.75,3;40.5,14
613;3,35.75;31.5,12.75;34,30;55,60.5;7,30;13.25,26.75;31.25,2.5;44,13.75
1261;2.75,36.5;30,12.25;34,30;55,60.5;9.75,19;11.75,43.5;21.5,17.25;50.75,20.25
523;6,32.75;33.5,27.5;41.75,35.75;49.5,60.25;9.75,19;19,57.75;21.5,17.25;45,13.75
1633;3,35.25;29.5,34;38.75,25.25;49.5,60.25;8.75,29.5;20.5,66.25;21.5,17.25;46.5,26
1575;7,35.75;29.5,34;38.75,25.25;49.5,60.25;2.5,47.25;16,62.5;38.5,14.25;40.5,12.25
827;7,35.75;32.5,35;47,33.75;49.5,60.25;8,47.25;18.5,47.25;26.25,1.5;26.75,3
1244;5.5,30.25;16.5,25.5;42.75,32.25;49.5,60.25;3.25,52.25;11.25,28.75;26.25,1.5;36.5,13
1531;1.75,36.5;12,27.5;32.5,29;49.5,60.25;3.25,52.25;12,29;32.5,10;33.5,10.5
662;6.75,22;9.25,40.5;33,35;49.5,60.25;1.75,42.5;10.25,17.75;26,4.25;33.5,10.5
895;7,32.25;9.25,53.75;20.5,40;49.5,60.25;7.5,47;17,25;27.75,7.75;33.5,10.5
1032;5.5,30.25;9.25,60.75;20.5,40;49.5,60.25;16.25,55.25;16.5,24.25;31.75,7.75;35,12.25
974;1.75,18.75;9,54;20.5,40;49.5,60.25;10.75,52.75;13.25,20.25;27.5,16.75;36,2.75
1488;1.25,12.75;7.75,64.75;20.5,40;49.5,60.25;10.75,52.25;16,24;26.75,1.5;27.5,16.75
1197;1.25,12.75;24.75,65.75;25.25,39.5;49.5,60.25;10.75,52.25;11.25,27.5;11.5,9;22.75,28.75
562;1.25,12.75;26,51.75;28.75,52.5;49.5,60.25;8.5,46.75;8.75,44.5;18,14.5;26.75,23
544;14.25,21.75;19.25,59.25;25.75,53.5;35.5,58.75;8.5,46.75;8.75,44.5;9,18.5;25.75,7.75
903;4.25,16.75;16.25,58.75;24,58.25;25.5,57.25;6.75,41.25;8.5,46.75;9,18.5;26,7.25
1642;4.75,19.25;10.5,53.5;17.75,69.75;25.5,57.25;8.5,46.75;8.75,43.25;14,11.25;26.5,17.75
475;12.75,29.75;16.75,52.5;17.75,68;21,60.75;8.5,47.25;8.75,43.25;14,11.25;36.25,29.25
290;13,39;14.75,68;16.75,52.5;26.25,54;8.75,43.25;8.75,46;29.5,14.25;43.5,28
113;3.75,33;15.75,68;21.5,60.75;32,53;8.75,43.25;13.5,55.75;29.5,14.25;57.25,22
703;5.25,36.5;6.25,59.75;15.25,67.75;23,58.5;8.75,43.25;13.5,55.75;36,12.25;57.25,22
781;8.25,36.5;9.5,54.5;17.75,67.75;27.75,56.5;8.75,43.25;20.75,53.5;36,12.25;50.25,33
719;3.75,36;7,40;11.25,53.75;27.25,52.5;8.75,43.25;32.75,45.5;36,12.25;50.75,32.75
1315;9.75,32.5;11.25,53.25;17,54.25;19.25,57.5;8.75,43.25;31.5,33;38,13;50.75,32.75
924;1.75,36.5;6.25,64.25;9,55;11.5,53;8.75,43.25;31.5,33;32.5,21.75;58.25,20.75
178;1.75,36.5;2.5,61.75;9,55;26,52.75;23,47;27,42.25;39,27.75;58,18.75
708;6.75,39;8.25,64.25;9,54;29.25,37.25;23,47;27,42.25;41.5,26.25;49.75,28
438;1.25,39.75;16.75,62.25;22.5,56.5;37.75,25.25;23,47;32.75,46.5;34.5,19.75;49.75,28
269;1.25,39.75;27,54.75;29,67.25;37.75,25.25;20.25,43.5;28.25,54.75;43.5,12.75;46,35.75
529;5,46.75;27,54.75;29,67.25;47.5,28.25;23.25,51.5;28,47.25;34.25,3;46.75,36.25
1618;4,59.25;10.5,53.5;26.5,54.25;49.5,29.5;23.25,51.5;27,38.5;34.25,3;48.75,45.25
1142;10,54.5;13.25,39;24,54.25;49.5,29.5;31,48.25;31.5,46.25;42.5,13.25;48.75,45.25
1649;3.5,62.75;13.25,39;24,54.25;42.75,35.75;25.75,61.25;34,30.5;36.75,20.5;51.75,45.25
1127;1.5,63.25;2,35.75;25.25,54;29.5,40.5;25.75,61.25;34,30.5;37.5,19.25;51.75,45.25
1629;3.5,63.25;9.5,39.5;25.75,70;30.25,40.5;25.75,61.25;31.5,13;41.5,31;51.75,45.25
361;9.5,67.5;22.75,39;28.5,67.25;29.25,58.75;17,69.75;31.5,13;50.5,14.5;51.75,45.25
558;12.5,68;22.75,39;22.75,56.5;35.5,59.75;18.5,69.75;31.5,13;45.75,33.25;45.75,45.25
95;3.5,59.75;7.5,39.5;16.75,39.5;21.5,68.5;18.5,69.75;35.25,7.75;45.75,33.25;45.75,45.25
1273;4.5,59.25;7.25,60.75;24,53.25;29,52.75;18.5,69.75;35.25,7.75;44.75,46.75;50.75,28.25
1499;5,67.25;9.25,63.75;22.5,39.5;22.5,66.5;11,55.5;35.25,7.75;44.75,46.75;50.75,21.75
596;9,67.25;13.5,52.5;16.5,30.25;20,60.75;18.25,43.75;35.25,7.75;44.75,46.75;50,25.75
1744;8.25,58.75;9.25,61.75;11.5,27.5;16.75,53;15.25,43.5;35.25,7.75;44.75,46.75;50,25.75
1370;8.25,58.75;9.25,61.75;13.75,21.5;16.75,53;19.75,56.5;34.5,19.75;37,62.75;38,12.5
7;7.75,64.25;8.25,58.75;13.75,21.5;18,51.75;25.5,63.25;28.25,27.75;28.5,69.75;50.5,14.75
611;7.75,64.25;8.25,58.75;13.75,21.5;28.5,68.25;3.25,62;18.25,16;28.25,69.75;30,10.5
1399;6.25,64.25;7.75,59.75;14.25,11.25;17.25,59.75;4.25,43.75;18.25,16;20.5,65.25;30,10.5
586;6.25,64.25;7.75,59.75;10.75,8.75;17.25,59.75;13.75,44;20.75,9.75;24.5,68.75;27.25,23.5
1138;6.25,59.75;6.25,64.25;10.75,8.75;17.25,59.75;6.25,61.25;11.75,22;14,68.25;14.25,20.5
483;6.25,64.25;7.25,59.75;8.5,32.25;27.75,69;7,68;11.25,27.5;14,68.25;26.25,17
1072;9.25,59.75;11,40;19,51.75;27.75,69;2.75,58.5;6.25,40;14,68.25;31.75,6
754;1,60.75;3.25,34;3.5,59.75;30,58.5;1.75,58;3.25,41.25;14,68.25;31.75,6
618;0.75,70.5;6.75,24.5;12.5,68;44.25,60.25;1.75,58;9.25,44.5;13.25,68.75;31.75,6
1133;19.25,59.75;24.5,40.5;28.75,60.75;29.25,59.5;1.75,58;2.75,38.75;13.25,68.75;31.75,6
687;11,67.75;22.75,45.5;31.75,59;42,60;13.25,68.75;14.5,23.75;14.5,52.25;31.75,6
886;2.5,64.75;20.75,60.75;22.75,45.5;27.25,65.75;2,66.25;10.5,8.75;14.5,52.25;27.5,19.75
1711;7.75,62.75;12.5,67.5;25.5,60;30.25,56.75;2,66.25;3.5,17.25;14.5,52.25;26,26.25
1269;6.25,63.25;8.25,53.75;15.25,67.25;42,60;2,66.25;3.5,17.25;14.5,52.25;39,34.5
868;6,67.75;26.25,54.5;26.5,53.25;34.5,60.75;2,66.25;3.5,17.25;20.75,43.75;30.5,45.25
1255;1,62.25;18,40.5;22,39;34.5,60.75;2,66.25;3.25,28.75;4.25,44;16,46.75
1679;8.25,54.75;10.75,22;16.5,23.75;35.5,40.5;2,66.25;4.25,44;11.5,31.75;16,46.75
285;6.25,59.75;10.25,34;15.25,3.25;18.5,52.5;2,66.25;5.5,46.25;14,13.25;16,46.75
92;11,45.5;12,27.5;13.25,21.25;23,57.5;5,63.25;6.75,43.75;14,13.25;16,46.75
443;7.25,59.75;12,27.5;13.25,21.25;23,57.5;5.75,47.25;8.25,44;8.75,11;11.25,43
1089;3,59.25;13.25,21.25;25.25,30;26,53.75;1.75,43;3.75,41;8.75,11;18.5,45.75
1456;3.5,62.75;5.75,19.25;7.25,30.25;22.25,60.75;1.75,43;3.75,41;6,16;17.75,45.5
722;3.5,62.75;6.75,18.25;9.75,17.5;29.5,52.25;2,52;12.5,27.75;16.75,21;17.75,45.5
1248;4,58.75;11.25,11.25;18.25,27.5;34,35.75;6,55.5;8,22.25;16.75,21;17.75,45.5
557;4,58.75;11.25,11.25;18.5,26.5;40.25,29.75;6,66.5;11.75,23;17,26;22.5,46.75
1588;18.25,70;19.25,3;19.5,26;34.5,24.75;6,66.5;11.5,22.5;17,26;29.25,47.5
1567;6.25,62.75;7.75,9.5;11.25,23.75;39.75,33.75;6,66.5;26.75,18.5;27.25,20;29.25,47.5
1000;3.5,59.75;13.75,22.5;21.75,39.5;39.25,26.75;4,49;24.25,22;26.75,18.5;29.25,47.5
71;7.75,61.25;13.75,22.5;37.75,35.75;42.75,26.25;4,49;26.75,21;35,18.75;41,34.75
27;0.25,68.75;13.25,22.5;45,33.25;47.5,27.25;4,49;24.5,14.5;40,13.25;41,34.75
915;4,64.25;13.25,22.5;45.5,33.25;46.5,28.75;4,49;14.75,9.5;34.25,22;50,29.5
1134;5.75,63.75;26,24.75;40.25,35.25;45.5,34.25;4,49;14.75,9.5;35.5,14.25;50.75,29
957;9.25,59.75;32.5,28.5;39.25,32.25;41.75,25.25;4.25,50;14.75,9.5;35.5,14.25;49.25,28.75
555;1,64.25;26,39;47.5,32.25;47.5,35.25;1.75,39.5;14.75,9.5;38.5,13;49.25,28.75
972;11.25,52.75;28.25,32.75;46,30.75;47.5,32.75;1.75,39.5;14.75,25;38.5,14.5;49.25,28.75
1082;11.25,52.75;38.75,25.25;46,30.75;46.5,25.75;1.75,39.5;23.75,30.25;30.5,14.25;49.25,29.75
342;21.5,66;29,32.5;30.25,32.75;39.25,26.75;1.75,39.5;23.75,30.25;35.5,20.25;49.25,29.75
773;24,66.75;29,32.5;31.25,29.75;47,34.25;1.25,41;29.25,30.25;32.75,22;49.25,29.75
1463;20.75,70;28.25,39;39.25,30.25;42.5,41;1.25,41;17,27.25;32.75,22;48.25,35.25
522;19.5,70;28.25,39;33.5,34;42.5,41;9,47.25;14.75,26;34.25,7.75;37.5,46.75
571;19.75,56.5;26.5,56.5;33.5,28.5;42.5,41;4.25,43.5;14.75,26;33.75,20;35.5,34
1684;27,60.75;27.25,56.5;29.75,39;42.5,41;4.25,43.5;12.25,21.25;31.5,11.5;45.5,25.75
1614;7.75,64.25;22,39.5;27.25,56.5;32.5,29.5;4,45.75;13,9.25;31.5,11.5;50,14.75
598;7.75,64.25;17.5,40;21.75,45.75;44.75,25.25;4,45.75;6,16;19.75,14.5;52.25,19.25
77;7.75,62.25;17.5,40;21.75,45.75;29.5,19.25;0.25,45.75;6.5,15.75;26.5,25.25;50.75,19.25
82;15.25,67.25;16.75,39;17,39.5;39.75,26.75;1,46;3,9.5;26.5,25.25;50.75,19.25
837;1.5,59.25;17,39.5;17.5,25.5;39.75,26.75;2.25,41;7.75,7.75;34,30.5;52,14.25
1056;2,63.25;14,52.5;17.5,25.5;29,29.5;2.25,41;6.5,7.5;36.75,38.75;50,20.5
1464;2,63.25;19,40.5;32.5,28.5;46,27.75;2.25,41;4.75,9.5;28.5,38.5;50,25.75
1361;18.5,65.75;19,40.5;41.75,31.75;49.5,28.5;2.25,40.75;4.75,9.5;10.5,46.75;50.25,26.25
706;23,56.75;25.75,29.5;32.5,16.5;45.5,27.25;2.25,40.75;4.75,9.5;14.25,44.25;53.75,19.75
1041;12.5,53.5;32.5,20;42,2;49.5,32;2.25,40.75;10,11.5;29.25,48;53.75,19.75
916;4,63.75;26.75,30.5;30.5,13.75;47,28.25;2.25,40.75;10,11.5;39,62.25;53.5,13.75
1426;22.75,69.25;31.5,13;31.75,30.75;32.5,33;2.25,40.75;10.25,12;39,62.25;53.5,13.75
444;27.75,67.25;31.5,20;45,29.25;47.5,28.75;1.25,42.25;10.25,12;39,62.25;53.5,13.75
207;33.75,65.75;38,5.75;45,29.25;47.5,25.75;1.25,42.25;25.5,19.75;44.5,62.25;53.5,14.5
1152;16.25,63.25;37,1.25;40.75,25.25;42,40.5;11.75,43.75;24.5,20.25;44.5,62.25;53.5,14.5
459;5.75,63.75;38,2.25;39.25,25.25;42.75,30.75;11.75,43.75;34.5,10.75;44,62.5;53.5,14.5
123;5.75,63.75;42,3;43.5,3;45,28.75;11.75,43.75;34,1.5;34.25,45.5;52,34
645;5.75,63.75;33.5,13.5;43.5,3;45,28.75;31.25,47;44.5,14.5;49.5,31;51.25,29
388;5.75,63.75;23.5,23;24.25,3.25;30.25,34.75;37.75,62;44.5,14.5;47.5,46.5;51.75,28.75
1039;12.25,53.75;35.25,4.75;35.25,5.75;39.25,26.75;17.5,66;31,9.25;47.5,46.5;51.75,28.75
1403;19.25,70;30.5,13.5;35.25,4.75;39.25,26.75;24.25,65.75;29.75,7.75;32,45.75;51.75,28.75
260;19.25,70;30.5,13.5;32.75,1.75;39.25,26.75;4.25,67.5;10,9.25;23,64;39.5,11.5
149;27.75,67;29,30.5;30.75,3.25;38.75,40.25;4.25,67.5;10,9.25;23,64;35.5,11.25
16;27.75,67;29,30.5;42.25,1.75;49.5,60.25;17.5,63.75;17.75,20.75;19.75,55.5;35.5,12
560;17.75,69;21.75,39;42.25,1.75;49.5,60.25;7.75,43.75;26,17.75;29,40.75;31.5,11.25
621;2.5,59.75;14.25,52.25;42,4;49.5,60.25;7.75,43.75;26,16.75;30.5,48.25;33.5,11.25
295;0.5,44.5;15.25,67.75;42,4;49.5,60.25;7,45.5;30.25,2;30.75,45.5;31,10.5
1701;4.25,25;15.25,67.75;42,4;49.5,60.25;5.25,31.25;21.5,24.5;31.25,32.5;32.5,21.25
1052;3,35.25;16.25,62.5;29.5,13.25;32.5,56.5;2.5,47.25;21.5,24.5;30,40.5;32.5,21.25
1634;9.25,45.75;11.25,54.75;23.5,23;32.5,56.5;2.5,47.25;15.25,22.5;29.5,47.75;33,12.75
1023;16.25,60;25.75,54;28.75,37.25;34.25,60.75;4.75,41.5;15.25,22.5;29.5,47.75;38,18.75
1380;16.25,60;28.75,37.25;33.25,53;34.25,60.75;3.25,33.25;9.75,41.75;38.75,62.75;43.25,32
19;16.25,60;31.75,27.25;33.25,53;35,60.75;6.25,40.75;17.75,42.75;25.25,63.75;49.75,32
368;8.75,64.25;28.75,39;29,69.75;33.25,53;7.5,26.75;9.5,28.5;37.75,69;49.75,32
1311;4.5,60.75;9.75,35.5;22.5,54.75;29,69.75;1.5,27.75;16.25,12;46.5,66.75;49.75,32
537;1,58.75;3.75,17.75;22.25,39.5;27.75,56.5;1.5,27.75;26.25,3;46.5,66.75;49.5,32.5
730;3,64.75;7.75,11;21.25,39.5;32.5,70;1.5,27.75;17.75,16;46.5,66.75;47,47
1327;5.5,45.75;5.75,9.75;17.25,58.25;29.5,52.25;1.5,27.75;30.5,14.5;46.5,66.75;47,47
51;11,29.75;12.75,10.25;25,54.25;29.75,40;7.75,41.25;24,16.5;46.5,66.75;47,47
1238;4.25,17.25;4.75,16.75;18.25,53.75;25.25,52;7.75,41.25;24,16.5;44.25,68.5;47,47
713;3.25,16.75;4.75,16.75;18.25,53.75;26.5,51.75;18.75,44.5;36,11.25;45.75,68;52.75,46.75
80;1.25,12.75;18.25,25;22.75,56.5;25.5,58.25;25.25,43.75;36,11.25;45.75,68;52.75,48
791;8.25,8.75;18.25,25;19.75,70;20,60.75;26,41.75;33.5,5.25;45.75,68;52.75,48
684;1.25,18.25;2.75,21.5;6,67.25;10,54;6,30.25;29.25,7.75;45.75,68;52.75,48
1356;3,33.75;5.25,3.25;10,54;17.75,66.5;19,26.5;38,19.25;44.5,60.25;52.75,48
1500;9,26.75;9.25,3.25;26.5,53.25;26.75,70;31.25,40.25;38,19.25;44.5,60.25;52.75,48
492;9.75,32.5;13.5,10.5;18.5,40.5;20.5,70;33.5,45.25;41,32.75;44.5,60.25;52.75,48
1306;12.25,23.25;19.75,24.75;29.25,52.5;31.75,60.75;33.5,45.25;40.5,32.25;44.5,60.25;52.75,48
1171;9.5,40;19.75,24.75;29.25,52.5;31.75,60.75;32,38;36,11.5;41.75,40;44.75,68.25
841;1,56.75;6.25,25;29.25,37.25;32.5,70;13.75,47.5;34.5,7.25;41.75,40;44.75,68.25
623;1,56.75;6.25,35;15.75,29;17.75,69;12.5,23.75;34.5,7.25;41.75,40;44.75,67.75
951;2,64.75;6.25,35;15.75,29;22.5,60.75;4.75,44.25;36.5,7;36.5,20.75;37.75,69
866;2,64.75;3.75,22.5;10.75,39;31.75,58.5;18.25,42.5;34.75,2;36,13.25;37.75,69
637;3,64.75;5.25,32.5;25.75,40.5;30.25,31.75;4.5,51;32.5,1.5;36,13.25;37.75,69
966;3,64.75;10.25,39.5;31.75,33.25;42.25,29.25;4.5,51;32.5,14.75;42.5,26.25;43,69
1569;3,64.75;7.25,24.5;26.5,51.75;29.5,12.5;21.75,44.25;30,30.25;41.5,14.25;43,69
1542;3,64.75;7,40.5;23,57.75;36.5,4.75;18.5,45.75;27,39;30.5,12.5;43,69
996;9.25,52.75;14,52;35.5,59.5;36.5,4.75;24.75,44.5;33,29.5;38.5,14;43,69
110;7,35.25;18.25,53.75;18.5,65.75;37.5,2.25;10,31.5;18.25,42.25;38.5,14;43,69
1312;9.5,40;14.25,39;22.75,68.75;32,4;2.75,38.75;18.25,42.25;35.5,19.25;43,69
807;1.75,30.25;15.25,39;17.75,70;32.5,17.5;0.25,47.5;18.25,42.25;35.5,19.25;42.5,69.25
300;8,28.5;11,29;19.25,57.75;30,19.75;1.25,51;18.25,29;35.5,19.25;42.5,69.25
790;9.5,17.25;14.25,19;16.5,62.75;30,17.25;1,50.25;18.25,29;37.5,14.25;42.5,69.25
398;2,9.5;4.25,10;10.25,52.75;31.5,24.75;1.25,41.25;18.25,29;25.75,18.5;42.5,69.25
393;5.75,24.5;13,10;13.75,39;46,30.25;1.25,41.25;18.25,29;24,9;42.5,69.25
1479;3.25,35;7.75,8.75;15,45.5;44,33.75;1.25,41.25;17,25;24,12;42.5,69.25
1277;3.25,35;7.75,8.75;15,45.5;45.75,25.25;6.25,49;9.75,43;27.5,25.25;45,66.75
909;1.25,19.25;1.25,20.25;4.5,47.25;45.75,25.25;5.75,43.5;14.5,61.75;37,11.75;45,66.75
745;17.25,16.5;19.5,28;20.5,56.5;31.5,18.25;5.75,43.5;14.5,61.75;25.75,26.25;37,69.75
91;9.25,17.25;10.25,32;21.5,40.5;29.5,29;7.75,44.25;14.5,61.75;29.25,30.75;37,69.75
855;2.25,24.5;3.75,17.25;27.75,27.5;39.75,27.75;10.25,43.5;14.5,61.75;27,17.75;37,69.75
1007;13,39.5;13.5,20.5;13.75,39.5;30.5,11.75;10.25,43.5;14.5,61.75;26,32.75;37,69.75
1253;1.25,36.5;3.25,18.25;7.25,29.75;42,4.5;10.25,43.5;14.5,61.75;30.25,47.5;37,69.75
1098;2.5,36.25;3.75,33;11.25,15;38.75,2.5;17.5,28;22,55.75;30.25,47.5;37,69.75
1436;6.75,36;6.75,40.5;14.25,20;40.5,1.25;5.75,23.75;6.75,44.5;30.25,47.5;37,69.75
1502;11.75,52.75;24.75,29.5;33.5,12.5;45.75,4.75;4.25,43.5;5.75,23.75;30.25,47.5;45.75,63.75
1206;14.75,39.5;30.5,18.75;32.75,1.75;40.5,1.25;4.25,43.5;8.75,24;30.25,47.5;45.75,63.75
65;29,35;31.5,11.5;33.5,14.25;33.5,15.5;2.75,43.5;8.75,24;30.25,47.5;41.5,68.5
1108;21.5,39;36.25,1.5;37.25,28.25;38.75,1.5;3.25,40.5;8.75,11;30.25,47.5;41.5,68.5
1413;9.5,39.5;36.5,5.75;37.25,28.25;42.75,5.75;14,53.25;18.75,20.75;18.75,28.75;41.5,68.5
884;22.5,39.5;28.25,24.25;32.5,17.5;33,20;10,61.75;18.75,20.75;18.75,28.75;42,68.25
1423;29.5,33;31.5,17.5;32.5,19.75;46,27.75;10,61.75;18.75,20.25;18.75,28.75;37,63.5
147;30,19.75;34,31.5;42.25,28.25;44,31.25;14,65.75;18.75,20.25;18.75,28.75;46.5,66.75
923;16,24.25;30.5,17.5;39.75,39.5;41.25,32.25;14,65.75;27.25,1.5;30,14.75;46.5,66.75
1112;23.75,30;29.5,28.5;31.75,58.75;32.5,16.75;14,65.75;30.5,5.25;42.5,13.75;46.5,66.75
1025;11.5,40;18,16.75;35,41;37.25,1.5;14,65.75;32.5,21.75;35.5,13.75;46.5,66.75
1225;11.5,40;29.5,19.25;30.5,57.5;38.5,1.75;3.75,68;28,35.25;35.5,13.75;44,48.5
959;10.25,51.75;13,20.75;30.5,57.5;40.5,3.25;1.5,63.25;20.75,47.75;35.5,13.75;43.25,66.25
291;1,62.25;13,20.75;30.5,57.5;44,2.5;15.25,67;30,38;31,12.5;43.75,68.5
1033;9.25,53.75;13.25,40;24,70;29.5,20;2.5,57;30,38;31,12.5;44.25,69
1123;4.5,63.25;6.25,35;18.75,65.75;42.75,26.75;6,52.5;30,38;37,20.25;44.25,69
1223;4.5,63.25;7.25,39;24,67;47.25,25.25;3.75,41.75;23.5,26.5;37,20.25;42.5,69.25
1678;1.5,61.75;2.75,36;4.5,68;37.25,32.25;2,50.5;23.5,26.5;36.5,7;42.5,69.25
1004;4.5,61.75;5.75,21.5;8.25,53.75;41.75,28.25;2,50.5;12.75,22.75;17.75,13.5;42.5,69.25
56;4.5,61.75;5.75,21.5;24.25,58;39.75,29.75;10.75,61.75;14.75,9;25.75,21;46.75,67.75
1373;0.75,43;9.75,35.5;22.25,68.25;49.5,29.5;10.75,61.75;28.25,6.5;29.5,9.5;46.75,67.75
815;2.75,35.5;10.25,30.25;10.5,55;49.5,29.5;5.75,44.5;17.5,9.75;43.5,14.25;46.75,67.75
642;7,34.75;7.75,9;30.25,66.25;47,35.25;9.75,42.5;11.25,19;43.5,14.25;46.75,67.75
129;15.5,17.25;22.25,3;34,66.25;42.75,40.75;9.75,42.5;18,26.75;43.5,14.25;45.75,68
1492;14.5,39;15.25,3.25;24,53.75;33.75,40.75;5.5,55.5;18,26.75;43.5,14.25;45.5,48
263;11.5,39.5;14,18.75;24,53.75;47.5,32.75;12.5,61.75;18,26.75;38.25,19;50.5,35.25
877;13.25,40.5;14.25,24.5;18.75,40;32.75,40.25;12.5,61.75;18.5,26.5;38.25,19;50.5,36.25
794;3.25,32;10,39.5;11.25,52.75;40.25,30.25;4.25,68;18.5,26.5;33,10.25;50.5,36.25
761;4.75,25;10.75,23.25;11.25,52.75;32.5,14;16.25,52.5;23.5,23.25;33,10.25;45.75,33.25
1119;8.75,32.5;10.75,23.25;13.25,53.25;34.5,1.5;16.25,52.5;18.75,28.75;31.75,6;41.75,40.75
669;7.25,34;9.25,36.5;10.75,52.25;44.75,1.25;15.75,53.25;27,25.25;31.75,6;41.75,40.75
681;1.25,19.75;14.75,39.5;18.25,65.75;33.25,1.25;5.75,44.5;27,25.25;31.75,6;44.5,41.5
643;1.25,8.75;6,40;29.25,58.75;36.75,3.5;13.5,45.75;27,25.25;33.5,3.75;44.5,41.5
1391;4.75,19.25;11.25,54.25;29.25,52;41.25,5.75;13.5,45.75;27.25,19;33.5,3.75;44.5,41.5
1367;12,27.5;12.5,52.5;29,52.75;41.25,5.75;24.5,45.5;37,12.25;42,13.75;44.5,41.5
1459;12,27.5;14.75,40;29,52.75;36.25,1.5;31,46.25;34.5,10.25;38,12.5;43.25,47.25
217;5.75,19.25;22.75,24.75;26,52.25;44.25,1.25;21.75,44.25;34.5,10.25;42.5,21.5;43.25,47.25
928;7,11;30.5,13.5;30.75,65.75;33.25,1.75;9.25,43.75;34.5,10.25;42.5,21.5;43.25,47.25
1570;10.25,3;20.5,24.25;25,53.75;40.5,1.75;9.25,43.75;32.5,3.75;42.5,21.5;43.25,47.25
434;13,23;29.75,40;31.25,34.75;36,2.25;8.75,46;32.5,3.75;40.5,28.5;43.25,47.25
497;12.75,29;14,52;41.75,35.75;44.75,5.75;8.75,46;32.5,3.75;35.25,33;43,60.5
1715;8,29;8.25,63.25;30.25,27.25;43,1.5;8.75,46;12,10.25;35.25,33;43,60.5
387;1.75,22.5;11.5,68;12.25,21.25;41.5,3;4.5,58.5;12,10.25;37.25,28.25;43,60.5
354;3.25,18.25;7.75,62.25;15.75,28.5;22.25,3.25;4.5,58.5;12,10.25;42.5,30.25;43,60.5
176;6.75,24;22.75,67.75;30.5,15.5;32,4;4.5,58.5;31.25,2;42.5,30.25;43,60.5
303;3.75,17.25;7.25,61.75;29.5,12;32.5,19;18,47.5;31.25,2;36.25,19;43,60.5
1262;2.25,22;11.75,54.25;37.25,3;45,26.25;21.25,63.75;31.25,2;36.25,19;39.5,64
887;10.25,18;11.5,39;33.5,11.25;41.75,25.75;14.75,62.25;31.25,2;38,20.25;39.5,64
1728;12,11;13.5,39.5;40.5,3.25;47,34.75;14.75,62.25;31.25,2;43.75,18.75;44.25,46.25
1420;1.75,10.75;28.25,30.75;40.5,3.25;44,27.75;19.75,56;31.25,2;41.5,18.75;42.75,48.25
1029;7.75,9.75;31,15.5;32.5,19.75;33,18.5;21.75,52.25;26.25,19;31.25,2;42.75,48.25
1484;11.25,22.75;32.5,19.75;33,18.5;36.75,4.5;28.25,36.75;29.5,9.75;30,10.25;31.75,34
1109;6.75,19.25;29.5,34;40.75,25.75;41.75,2.75;26.75,42;29.5,9.75;30,10.25;32,35
349;4.75,17.75;29.5,19.25;40.25,35.25;43.25,3.25;12.25,43.75;29.5,9.75;30,10.25;32.25,40.5
930;2.25,32;15,22.25;30.75,27.25;46.5,27.25;1.5,25.25;29.5,9.75;30,10.25;34.5,41.5
1578;2.25,32;20.5,23.5;30.25,31.75;40.75,31.75;1.5,25.25;23,25;40.5,25.75;42.5,22
889;2.25,32;20.5,23.5;30.25,31.75;45.5,32.75;5.5,28;33.75,20.5;41,34.75;47.75,21.25
278;0.25,44.25;20.5,23.5;36.75,40.75;47.5,30.75;5.5,28;46.5,14.25;47.25,47.75;48.5,34.75
73;0.25,44.25;16.5,29.75;25.5,58.5;42.5,41;26.25,25.75;44.25,28;47.25,47.75;57,21.25
991;7.25,23;8.25,32;25.5,58.5;39.75,39.5;37.25,38.75;40,12.75;47.25,47.75;58,18.75
1615;6.75,36;7.25,34;25.5,58.5;39.75,39.5;28.5,48.25;34.25,19.5;42.5,60.75;43.75,20.25
1600;4.75,21.5;9.25,16.75;25.5,58.5;29,31.5;19.75,43.5;30.5,13.25;42.5,60.75;49,13.75
1528;6.75,18.25;7.75,11.25;17.5,58.75;19.75,23.5;18.75,62.5;30.5,13.25;42.75,59.5;49,13.75
468;1.25,19.25;2.75,16.75;7.75,58.75;10,18;13.25,64.75;30.5,13.25;46.5,66.75;49,13.75
213;3.75,34.5;9,5.25;10,53.5;20.25,27.25;1.25,48.5;21.5,18.5;46.5,66.75;49,13.75
612;10,40;11.75,23.25;23,56.75;31.5,11.5;1.25,54.25;21.5,18.5;46.5,66.75;47.25,28.75
439;3.25,17.75;11.25,22.75;34,66;34.25,1.75;6.25,40.5;21.5,18.5;28,63.25;47.25,28.75
1686;3.25,17.75;11.25,22.75;23,57.5;41.5,5;5.5,23.25;21.5,18;35.75,66.5;47,45.5
1424;4.25,3;6.75,25;19.25,58.25;32.5,17.25;6.5,17.5;23.5,23.25;35.75,66.5;47,45.5
976;5.25,19.25;12.75,29.75;20.5,45.75;36.75,3;10,7.5;23.5,23.25;35.75,66.5;48.25,46.75
1294;2.75,32.5;3.5,33.75;27.75,28.5;41.75,2.25;0.25,21.25;23.5,23.25;35.75,66.5;38.25,38.75
534;3.5,33.75;3.75,17.75;26.75,29.5;41.75,2.25;14.75,9.5;21.5,17.25;24,50;27.25,25.25
925;12.25,52.25;14.5,19;21.75,39.5;41.75,2.25;14.75,9.5;27.75,26.25;28.25,36.25;32.75,6.5
163;1,59.25;12.5,18.75;21.75,39.5;44.25,1.25;7.5,13.25;15,18.5;21,27.75;32.75,6.5
1042;1,59.25;7.25,8.75;30.75,34.75;42.75,1.25;7.5,13.25;26,2.75;34,11;44,14.5
273;2.5,62.75;14.75,19.75;15.75,28.5;42.25,1.75;7.5,13.25;26,2.75;46.5,13;50,21.5
1364;5.5,67.5;14.75,21;15.75,28.5;42.25,1.75;9.75,21;33,11.5;37,20.75;41,34.25
992;2,64.25;14,9;15.75,28.5;42.25,1.75;5.5,17.5;21,18.5;43.75,31.25;48.75,45.25
682;0.25,43;21.25,3.5;25.25,24.75;31.5,18.25;1.5,23.75;15.25,42.5;43.75,31.25;48.75,45.25
325;8.5,36.25;11.25,9.5;17,25.25;30.5,18;1.5,19;14,50.5;43.75,31.25;48.75,45.25
1756;5,36.25;10.5,9;23.75,31;32,26.5;3.5,15.75;5.25,42;43.75,31.25;48.75,45.25
211;5,36.25;7.25,17.25;29.5,40;32,41;0.25,11;0.5,55.25;42.75,31.25;48.75,45.25
383;10,40.5;15.75,21.5;29.5,40;32,41;3.25,11.75;15,57;36.25,36.5;46.75,29.25
1580;15.25,39.5;29,30.5;31.75,33.75;33,34.5;3.25,11.75;15,57;30,46.25;36.5,12
1231;25.5,40.5;32,41;33.5,34.5;39.25,40.75;9.75,18;15,57;30,46.25;35,21.75
1045;18.25,26.25;18.5,40.5;31.5,24.75;34,33.75;0.25,31.75;13.75,58.25;30,46.25;35,21.75
553;14,18.75;18.5,40.5;32.5,15.25;39.25,26.25;0.25,31.75;0.25,66;31.25,48;41,12.75
134;17.75,27.5;21.25,56.5;38.5,1.75;44.5,31.25;0.25,31.25;0.25,66;37.5,60.5;41,12.75
150;8.25,11.25;21.25,56.5;29.5,14.75;29.5,39.5;0.25,31.25;19.25,66.75;31,46.25;50,19.5
410;1.25,17.25;19.5,60.75;33,28;46,35.25;5.25,43.5;19.25,66.75;31,46.25;37,11.5
1153;2.75,22;23.75,55;40.25,30.75;46.75,35.75;5.25,43.5;19.25,66.75;29.75,48.5;50,13.75
196;7.75,10;33,54.25;37.25,25.75;42.25,25.25;5.25,43.5;10.5,59.25;21.5,47.5;50,13.75
777;3,9.5;17.75,54.5;32.5,31.5;33,12.5;4.25,42;6.5,55.5;21.5,47.5;50,13.75
1167;6.5,10.5;15.25,40;32.5,31.5;38,1.75;6.25,42;7.25,56;21.5,47.5;51.75,20.25
1460;9.25,3;24.5,40.5;31,19;43.25,3.25;6.25,42;7.25,56;28.25,48;51.75,20.25
918;2.25,20.25;12.75,26.5;42.75,2.75;44,2;6.25,42;7.25,56;28.25,48;50.5,25.75
66;2.25,20.25;27.75,31;42.75,2.75;44,2;2.25,23.75;11,46.75;12.25,42.25;33.5,34.25
783;13.5,10.5;27.75,34.5;42.75,2.75;44,2;3.75,43;10.5,28.25;11.5,47.5;48,46
117;10,10.5;30.5,17.5;42.75,2.25;44,2;2.75,61.75;10.5,28.25;23.25,51.5;43.25,66.25
510;15.75,34.75;27.75,37;42.75,2.25;44,2;3.75,42.5;16.75,42.75;19.75,56;28,48.25
276;15.75,34.75;19.25,58;42.75,2.25;44,2;7.75,45.75;16,62;34,73;39,47.25
1144;15.75,34.75;17.75,67.5;42.75,2.25;45.75,1.25;6.5,45.5;10,60;20,63;23.25,51.5
948;32.5,26.5;34,67.75;38,5.75;45.75,1.25;7.5,27.75;12.25,58.5;20.5,63.5;23.25,51.5
894;17.5,23.25;25.5,65.75;38,5.75;45.75,1.25;7.75,20.75;9.25,42.75;10.25,41.75;30.25,28.25
970;21,39.5;25.5,65.75;30,18.25;42,2.5;4,16;10.25,41.75;14,55.5;35,11.25
896;27.75,35.5;27.75,67.5;29,35.5;32.5,15.75;5,13;10.25,41.75;14,55.5;36.5,11.75
1291;27.75,30;27.75,67.5;30.25,39;32.5,15.75;1.25,16.25;1.25,43;2.75,69.25;53.5,13.75
30;15.25,39.5;27.75,67.5;40.25,29.75;44.5,32.75;7,17.5;12,28;12,62.5;53.5,13.75
569;15.25,39.5;27.75,67.5;42.75,25.75;44.5,32.75;1.75,12;19.75,16.25;28.25,54.75;36,7.25
1505;15.25,39.5;21.25,60.75;42.75,25.75;44.5,32.75;10.5,13.25;21.5,9;23.75,44.5;35.5,19.25
1719;9.25,61.75;14.25,40;24.75,31.5;30.5,17;17.5,28.5;21.25,15.5;23.75,44.5;35.5,19.25
796;2.5,61.25;7.5,39;11.25,40.5;32.5,13.75;17.5,28.5;21.25,15.5;23.5,45.5;34.25,33.25
406;4.5,62.75;6.75,40;9.75,33;42.25,5.75;17.5,28.5;21.25,15.5;30.25,45.5;34,32.75
240;4.5,62.75;6.75,40;12.75,9.75;42.25,5.75;22.75,43.75;29.5,9.5;31.25,33.75;44.5,14.75
1591;4.5,64.75;11.5,54.5;31.75,2.75;40.75,29.25;22.75,43.75;31.25,33.75;34,19.75;37,21.25
1446;4,62.25;10.5,67.5;35.25,4.25;40.75,34.25;22.75,43.75;30.75,33.75;34,19.75;40.5,12.25
1565;11,67.75;12.75,52.25;35.25,4.25;40.75,34.25;1.25,54.25;11.75,42.75;19.5,25.75;26.5,25.25
1470;3,63.75;12.75,52.25;37.25,3.5;41.25,25.25;14.25,42.25;16,55.75;18.75,25;26.5,25.25
1140;3,63.75;22.25,40.5;41.25,5.25;41.25,25.25;4,55.5;22.25,50.75;26,22.75;27.75,21
696;3,63.75;7,35.75;32.5,15.25;41.25,25.25;12.25,44.5;13.25,42.25;20.75,26;25.75,17.5
1368;0.25,43.5;10.5,54;20,26.5;40.25,39;9.75,41;11,48;20.75,26;25.75,17.5
1685;0.25,43.5;10.5,54;15.75,21.5;40.25,39;3,50.5;7,62.5;15,18.5;35.25,21.5
1607;0.25,43.5;2.5,58.75;11,29.75;27.75,29;1,62.75;2.25,58.25;15,18.5;27,18.75
1631;3.5,33.75;8.25,63.25;10.25,17;32.75,37.25;1,62.75;8.25,41.25;15,18.5;35.5,34
1647;3.25,36.5;6.75,60.75;10.25,3;32.75,37.25;1,62.75;6,49.5;27.25,25.25;34.75,21
205;7.25,35.5;11.5,46;18.25,3.25;24.5,53.75;1,62.75;6,49.5;27.5,26.25;32.75,26.25
202;1.25,23.5;1.5,62.75;13.5,19.75;24.5,53.75;1,62.25;6,49.5;33.25,7.75;33.75,45.5
1199;5.25,19.75;6.75,60.75;12.5,23.75;29.5,35.5;1,62.25;6,49.5;25.5,25.25;31.25,48.5
471;2.25,17.75;7.75,62.25;15.75,29;18.5,26.5;8.25,44.5;12.25,52;25.5,25.25;31.25,48.5
302;2,32.75;6.25,60.75;40.75,30.75;42.75,25.25;4.75,40.5;12.25,52;25.5,25.25;29.5,45.75
980;7.25,33.5;10,67.75;37.25,29.25;46.5,33.25;4.75,40.5;12.25,52;32.5,45.75;37,42.25
1272;3.75,32;8.25,62.75;29,27.5;31.5,17.5;4.75,40.25;12.25,52;32.5,45.75;48.75,28.75
858;2,32.25;17,53.75;26,23;33,12.5;4.75,40.25;6.75,57;32.5,45.75;45.5,14.25
148;3.25,18.25;18.5,39.5;33.5,16.5;33.75,24.25;4.75,40.25;6.75,57;28.25,36.75;46.5,28.75
1350;4.25,10.25;27.75,36;42.25,28.75;46,27.75;5.5,28.5;8,69.75;28.25,36.75;46.5,28.75
1451;12,11;23.75,30;24.5,39.5;47,30.75;7.25,43.75;8,69.75;18.25,29;46.5,28.75
728;5.25,17.25;13,39.5;26.25,31.5;47,33.75;7.25,43.75;8,69.75;8.5,25.25;42.5,14
1036;5.5,29;13.5,39.5;30.5,13.75;40.25,32.75;7.25,43.75;8,69.75;29,30;30.5,9.75
1640;6,40.5;17,54.25;20.5,27.75;40.25,32.75;12.75,60.25;22.75,65.75;29.75,40.75;30.5,9.75
236;17,39.5;17,54.25;20.5,27.75;40.25,32.75;3,48.5;28.75,48;29.75,47.5;36,6.25
619;13,39.5;17,54.25;28.25,39;33.5,33.5;15.75,57;18.5,60;24,50;36,6.25
392;13,39.5;28.25,39;28.75,56.5;41.75,27.75;5.75,58.75;7.75,45.75;18,69.75;26.25,18.5
208;5.75,39;28.5,39.5;32,70;47,26.75;5,58;6.25,41.25;18,69.75;26.25,18.5
193;4.75,36.5;6.75,36;32,70;38.75,25.25;6.25,41.25;10,59.5;25.5,61.75;30.25,28.75
1737;1.25,23.5;6.75,36;31.75,65.75;38.75,25.25;11.25,28.75;21.25,53.5;30.75,48;43.5,30.25
12;2.75,17.75;9.75,39;26.75,53.5;38.75,25.25;1.25,16.25;21,59;30.75,48;33.5,20.75
1387;8,1.75;10,54;21.5,68.25;46.5,26.75;3.75,33.5;21,59;30.75,48;41.75,33.5
84;18.25,3.25;20.75,39;30.5,60;47.5,32.25;3.75,33.5;21,59;33.5,35.25;50.25,21.75
911;10.25,3.25;20.75,39;31.25,70;40.25,32.75;1.25,20.5;27.25,69.75;31,34;50.25,21.75
1301;10.25,3.25;20.75,39;34,68.5;36.25,40.75;12.75,7.5;23.25,69.75;27.25,20;36.75,29
989;10.25,3.25;13.25,53.25;34,68.5;36.25,40.75;12.5,18;26.25,71.25;38,14.5;47,22
218;10.25,3.25;25.75,55;30,59;35.75,41;1.75,24.75;26.25,71.25;40.5,13.25;53.5,14.75
869;10.25,3.25;22.5,67.5;23.75,60.5;33,33.5;1.5,24.25;26.25,71.25;49.5,31.5;50.75,21.75
41;1.25,20.25;11,67.25;23.75,60.5;33,33.5;1.5,24.25;34.75,72.25;39,34;42,21.5
843;1.25,20.25;11,67.25;32,39.75;40,39.25;15.25,42.25;39.5,65.75;40.5,25.75;51,19
136;6.25,3.5;6.25,64.75;32,39.75;40.25,39.75;20.75,31.75;39.5,65.75;42.75,29;48.75,29.5
825;6.25,3.5;6.25,63.75;31.75,58.5;45,26.25;1.25,43.5;43,62.25;44,12.75;48.75,29.5
543;1.5,11;23.75,54;25.5,57.75;43,2;1.25,43.5;43,62.25;46,13.25;48.5,14
907;3.25,18.75;10.5,52;13.25,52.75;38.75,1.5;1,46.5;35.75,69.25;46,13.25;48.5,14
1751;1.75,17.25;7.25,54.75;13.25,52.75;40.5,1.25;9,65;16.5,60.5;33,11.75;48.5,14
1328;2,32.75;4.5,64.25;8.25,54.25;40.5,1.25;2,72;16.5,60.5;38,13.5;40,12.75
1673;2,32.75;4.5,64.25;30,59;32.5,15.5;8.25,66.75;14.75,66;37,20.25;48.75,21.25
209;3.5,33.25;17.25,60.25;27.75,66;32.5,19.75;8.25,66.25;14.75,66;28.75,6.5;48.75,21.25
699;4.75,44.75;17.25,55;17.75,69;42.75,30.25;8.25,66.25;14.75,66;32,13.25;50,13.75
1233;1.5,61.75;4.5,59.75;26,60.75;42.75,30.25;8.25,66.25;13,65.75;16.25,25;51.75,20.75
1087;9.5,67;24,69.75;26.25,60.75;27.75,33;3.75,47.5;13,65.75;16.25,25;57.75,20.25
68;16.25,63.75;21.5,66.5;28.75,67.5;47.5,32.75;8.25,43;13,65.75;15.75,14.75;57.75,20.25
386;8.75,63.25;17.75,63.75;28.75,67.5;47.5,32.75;4.5,26.25;13.25,44;25.25,4.5;36,18.75
1572;8.75,63.25;19.25,60.5;25.5,57.5;47.5,32.75;6.5,18.5;14.25,43;33.75,7.75;52.75,20.25
1480;26.5,60.75;28.25,39;33,70;44.5,34.25;11,20.25;32.5,32;33.75,7.75;52.75,20.25
647;26.5,60.75;28.25,39;30.25,70;44.5,34.25;32,14.75;38,12.25;40,11.5;50.75,19.75
1126;22,40.5;25.5,54.25;25.75,70;31.75,31.25;28.75,2;29.75,6.5;40,11.5;50.75,19.75
157;9.75,52.75;19.75,65.75;22.75,68.75;23,57;21.75,14.25;27.25,17.5;40,11.5;50.75,19.75
448;8.5,67.5;9.75,52.75;22.75,68.75;23,57;5.5,16.25;10.5,7.75;49.75,21.75;52.75,20.25
79;3.5,64.75;4,60.75;5.75,64.75;28.5,67.25;1,14.25;8,31.25;49.75,21.75;52.75,20.25
1621;5,67.75;8.25,59.75;9.25,53.75;14.75,67.5;22,8.75;24.25,43.5;49.75,21.75;52.75,20.25
1732;5,67.75;8.25,59.75;14,39;29.25,59;25.25,2.5;28,69.75;29.5,9;51.5,20.5
572;4.5,64.25;8.25,34.25;8.25,59.75;29.25,59;25.5,21.75;35.25,68.75;37.75,20;42,31
1124;0.5,69;6.75,62.25;8.25,34.25;39.75,39.5;25.5,17.75;35.25,68.75;37.5,46.75;38.5,38
1151;5.75,61.75;7,35.75;11.25,9;34.5,23.5;2.75,13.5;35.25,68.75;37.5,46.75;38.5,38
1192;6.25,62.75;8.75,54.25;11.25,9;31.25,3.25;2.75,13.5;27.5,69.75;29.75,54.75;35,19.25
346;3.5,63.25;4.5,68;16.5,18;34.75,5.75;2.75,13.5;25.75,59.75;27.5,69.75;47.5,13.75
988;3.5,63.25;21.5,69.5;24.5,40;36.25,3;1.75,15.75;20,47.75;27.5,69.75;39.5,14.75
1415;11,45.5;17.75,69.75;32.25,60.75;44.75,5.75;1.75,15.75;8.25,44.25;27.5,69.75;46.5,30.5
1346;6.75,23;17.75,67;32.25,60.75;44.75,5.75;3.5,12.75;4.75,54;28.75,67.25;41.25,33.25
1263;1.25,24.5;26,52.75;30.25,58.25;31.5,4.5;1.25,13;4.75,54;27,71.25;41.25,33.25
1250;4.75,29.75;8.25,59.25;40.25,35.75;44.5,26.75;7,17.5;13.5,28.75;27,71.25;41.25,33.25
189;4.25,8.75;6,67.75;31.5,16.75;45,30.75;7,17.5;13.5,28.75;27.75,69.75;44.5,40.5
48;6.25,18.25;13.5,53;36.5,3.75;44.5,28.75;7,17.5;27,19.75;27.75,69.75;49.5,27
1028;17.5,17.25;27.5,53.25;32.5,2;42.25,35.25;7,17.5;23,26.5;27.75,69.75;33.5,11.75
1563;5.25,20.25;31.75,58.25;32.5,2;39.25,35.25;10.5,11.25;26.25,21;27.75,69.75;28.5,5.25
1161;7.5,39.5;32.5,33.5;41.25,1.75;46.5,31.25;3.75,9.5;26.75,18;27.75,69.75;28.5,5.25
422;10,40.5;30.5,15.25;36.25,3.5;41.75,34.75;2.75,23;12.75,13.25;27.75,69.75;28.5,5.25
1704;24.25,40;33.5,11.75;37.25,3;39.75,35.25;2.75,23;15.5,9.5;27.75,69.75;28.5,5.25
1566;28.25,23;30,16.25;42.75,3.75;47.5,26.75;2,7.5;5.75,11;27.75,69.75;28.5,5.25
482;40.5,2.75;42.75,32.75;43.25,2.75;49.25,25.25;2,7.5;5.25,10.25;27.75,69.75;37.5,11.25
206;32,18.75;32.5,13.5;39.75,25.25;40.25,40.25;2,7.5;5.25,10.25;20.75,69.75;21.5,28
1395;32,18.75;32.25,2.75;33.5,32.5;40.25,40.25;1.25,22.75;1.5,7.75;31.25,46;36,31.75
338;11.25,11.25;29,27.5;29.25,37.25;30.5,59;1.25,22.75;1.5,7.75;31.25,46;52,14.75
22;7,9;9.25,35.5;22.75,40;34.5,56.5;1.25,22.75;11.75,8;31.25,46;45,13.75
1026;1.5,12.5;5.25,32;15.75,34.75;18.5,52.5;1.25,22.75;20,12.25;31.25,46;46,12.5
622;1.25,22;2.75,24;3.25,24.5;18.5,52.5;1.25,22.75;31.5,12.75;37.5,42.25;45,12.5
1482;3.75,17.75;7.25,17.75;14.25,3.25;16.75,63.5;1.25,22.75;37.5,12.75;37.5,42.25;45,12.5
1014;4.25,22;7.25,17.25;17,17;23,54.25;1.25,22.75;41,12.5;41,35.5;45,12.5
1749;14.5,40;30.75,4.75;31.25,3.75;35.5,60;4.25,42.75;41,12.5;41,35.5;51.75,19.25
947;1,61.25;3.25,9.25;18.25,25;22,40.5;2,19.25;40.5,35.75;41,12.5;51.75,19.25
772;7.5,67;8.25,3;20.5,39;30,40;2,19.25;40.5,35.75;41,12.5;46.75,27
93;8,67.75;8.25,3;27.75,33;40.25,28.75;2,19.25;31,13.75;33,13.5;47.25,45.75
1733;8.5,54;33,11.5;34.25,56.5;37,2.75;12,22.5;30.25,30.75;33,13.5;47.25,45.75
323;11,40.5;31.5,17.25;34.25,56.5;39,1.75;2.75,22;31.5,11.75;36.5,12.25;47.25,45.75
617;7,67.25;22,39.5;23.75,59;33,3;4,23.75;10,31.5;36.5,12.25;47.25,45.75
775;21.5,67.5;28.25,35.25;31.75,55;45.25,5.75;6.25,40.75;7.25,43;36.5,12.25;47.25,45.75
994;19.5,70;28.25,35.25;31.75,60;33,1.5;10.75,61.25;20.25,44.25;36.5,12.25;41.75,67.25
1062;0.75,56.5;16.5,21.5;31.75,60;45,27.25;6.75,61;25.25,61.75;36.5,12.25;42,62.5
1745;0.75,56.5;31,15.5;33.75,40.75;46,35.25;3.25,66.75;12.5,52.5;30.5,13;42,62.5
901;17.75,68.5;28.25,33.25;30.75,23;38.25,25.25;14.25,43.5;14.75,68.25;30.5,13;42,62.5
1141;25.5,57.25;28.25,33.25;31,11.5;45.5,32.25;1.75,40.75;7.5,69.25;33.75,7.75;42,62.5
1005;8.75,62.25;10.75,18.25;28.25,33.25;45.5,32.25;1.75,12;4.75,42.5;29.5,14.75;44,66.75
1409;8.75,62.25;11.5,21.5;25.5,39.5;29.5,19.75;4,16;5.75,40.25;21,28.25;44,66.75
821;8.75,62.25;30.5,13.5;30.5,26.5;37.75,39.5;3,15.75;5.75,40.5;32,10;44,66.75
1537;24,67;27.75,32;31,2;49.5,33;3,15.75;14.75,44.5;20.5,24.5;44,66.75
488;25.5,70;28.5,37.75;38.75,2;46.75,35.75;12.75,22.75;13,20.75;14.75,44.5;44,66.75
192;26.5,70;37.25,40.25;45.75,2.75;53.5,60.25;12.75,22.75;13.25,21.25;14.75,44.5;38.25,63.5
1213;26.5,70;28.5,51.75;37.25,27.75;53.5,60.25;12,10.25;27.75,47.5;38,38;39.5,66.75
1054;2.5,63.25;10.5,67;32,18.25;32.25,60.75;19.75,16.25;37.5,48.5;38,38;39.5,66.75
913;3.5,62.75;10.5,67;14.75,23;24.75,70;19.75,16.25;30.25,40.25;37.5,48.5;39.5,66.75
64;4.5,61.75;22.5,69;23.25,3;27,65.75;5.75,11;5.75,47.25;37.5,48.5;39.5,66.75
1639;9.25,60.25;22.5,69;26.25,39.5;27.75,34.5;5.75,11;9.25,43.25;9.75,44.5;11,60.75
1454;1,61.25;22.5,69;35.25,39.5;39.75,34.25;5.75,11;17.25,30.5;20.75,56;25.75,63.25
1265;1,61.25;29.5,39.5;34,68.5;42.75,26.25;10.75,12;17.25,30.5;28.5,61.75;44.75,68.25
1105;7,46;11,54;16.25,63.75;17.75,40.5;3.25,43.5;16,24.5;28.5,61.75;44.75,68.25
1083;1.75,24;2.25,35.5;7.75,64.75;12.25,53.75;16,24.5;18.25,44.5;18.25,67;44.75,68.25
867;3.5,32.25;6.25,25;8.25,63.25;10,35.75;6.75,23.5;13.25,51.5;18.25,67;44.75,68.25
306;5.5,9.5;6.25,3.5;31.75,65.75;32,26.5;6.75,23.5;8.75,67.5;28.75,46.5;44.75,68.25
1107;8.75,4.75;10.25,3.5;28.5,40.5;30.75,3.25;6.75,23.5;8.5,68.25;22.75,44;44.75,68.25
97;7.25,30.25;9,5.25;13,40;30.75,3.25;2.25,42;8.5,68.25;35.25,72.5;47,47
327;10.75,18.25;11,23.25;27.75,35.5;38.5,2.25;2.75,55.5;6.75,42.75;35.25,72.5;47,47
1131;10.75,18.25;20.75,26.5;29,33;38.5,2.25;2.25,40;15.75,42.25;44,70;51.75,32.5
1688;10.75,40;29.5,35;30.5,19.75;32.5,3;7.5,24.25;15.75,42.25;44,70;57.75,20.5
1228;24.25,55;27.5,53.25;35.25,2.25;36,3.25;7.5,24.25;11.25,43.75;44,70;53.5,14.25
370;18.25,40;33.5,30;36,4.75;37.5,2.25;7.5,24.25;14,65.75;44,70;46,12.75
292;6.75,32;32.5,24.5;36,4.75;37.5,2.25;10.75,41.25;35,72.75;46,69.5;53.5,19
1527;9.5,10;13.25,21.25;37,4.25;37.25,1.5;8.5,16.25;35,72.75;46,69.5;50.5,14.25
232;16.25,3.5;28.75,27.25;30.75,2.75;37.25,1.5;8.5,16.25;24,61.25;28.25,61.75;33.25,2.5
461;3,10.5;15,39.5;17.5,25.5;26,23.5;8.5,16.25;10.75,57.75;28.25,61.75;45.5,14.25
701;23.25,3.5;26.25,40;29.5,12.25;32.5,33;8.5,16.25;9.75,57.75;36.75,47.75;45.5,14.25
404;33.5,15.25;35.5,57.75;37.25,35.25;45.5,26.75;8.5,16.25;24.5,66.25;29.25,30.75;45.5,14.25
689;13.5,19.75;16.75,39.5;35.5,57.75;45.5,26.75;5.75,12;16.75,43.25;35.5,21.75;38.5,14.5
563;3.25,3.25;16.75,39.5;35.5,57.75;47.5,25.75;7,8;10.75,44;33.5,10.5;37.25,36.5
1382;8.25,11.25;9.5,25.75;27.75,53;46.5,32.75;7.5,9;10.75,44;25.25,1.5;37.25,36.5
513;3.75,32;5.25,20.25;27.75,53;46.5,32.75;2,14;3.25,42.5;9,9.25;21.25,44.25
210;3.25,24.5;23.5,24.75;24.25,70;31.5,13.5;2,14;2.25,49.75;9,9.25;30.75,45.5
1599;2.5,35.75;6.75,17.25;9.25,64.25;31.5,13.5;3,22.5;5,59;9,9.25;41.75,21.25
1220;2.5,61.25;5.5,35.75;7,67.25;29.5,26.5;3.75,19;5,59;9,9.25;40,14
1657;2.5,61.25;2.75,18.25;7,67.25;11.25,22.75;1.25,40.5;23,47.75;33.5,10.25;46.5,13.25
1616;2,59.25;3.5,36.25;5,67.75;5.5,32.25;1.25,40.5;23,47.75;33.5,10.25;42,31
224;3.5,33.25;5,67.75;7.75,39;15.25,18.75;3.25,43.25;23,47.75;43.5,14.75;50.25,19.25
353;3.5,33.25;7.75,64.75;22.5,40.5;31,4;1.5,23.75;38,42.25;42,14.25;50.25,19.25
1013;14,23;22.5,68.5;27.5,53.25;31.5,4.5;5.25,41;18.75,44;42,14.25;50.25,19.25
1517;7.75,9;20.25,70;27.5,60.75;29.5,11;5.25,41;29,30;39.5,12.25;50.25,19.25
1523;8.25,3.5;21.5,66.25;22.5,68;37.25,32.25;7.5,54.25;29,30;36.5,14;50.25,19.25
185;3.25,10.75;25,70;27.75,60.75;32.5,15.5;2,69.25;6,17.5;36.5,14;50.25,19.25
265;2.25,35.5;12,67.75;27.75,60.75;32.5,15.5;21.25,57;25.5,19.75;38,19.75;38.5,11.75
29;2.5,58.75;7.75,62.25;26,39.5;43.75,1.75;0.75,59.25;27,25.25;38,19.75;38.5,11.75
1494;2.5,58.75;7.75,62.25;29.5,29.5;31.75,2.75;12,69.75;30.5,14.5;36.5,2.5;52,19
1442;27.25,65.75;28.5,68.75;35.75,40.25;45,29.25;2,68.25;11.5,28.25;36.5,2.5;52,19
1115;3,61.25;4,60.25;10,54;45,29.25;1.25,68.25;11.5,28.25;34.25,6.5;35.25,33.5
546;3,61.25;22.25,39;22.25,56.5;45.75,2.75;1.25,68.25;1.75,12;31.5,33.5;36,13.5
812;24,68.75;27.75,32.5;33.25,55;45.75,5.25;1.25,68.25;1.75,12;31.5,33.5;52,14.5
1606;18.5,70;40.75,25.75;41.75,25.75;42,1.5;1.25,68.75;1.75,12;30.75,33.75;52,14.5
833;18.5,70;38.75,2;39.75,27.25;44.5,2;1.25,68.75;3.75,9.5;13.25,22.25;52,14.5
1574;23.75,60;39,2.25;45,27.25;47.25,25.25;1.25,68.75;3.75,9.5;35.5,12;41.5,13
716;5.75,64.75;31.25,1.75;46.5,31.75;47.25,25.25;1.25,68.75;3,17;42.5,14.5;51,13.75
1626;1.25,36.5;17.25,3.25;33,2.5;49.5,31;1.25,68.75;22,29;43.75,20.25;51,13.75
721;5.5,36.25;5.75,19.25;34.25,1.75;44.75,35.75;11,55.5;15,20.25;43.75,20.25;51,13.75
906;1.75,19.75;18.75,39;26.25,3.5;39.25,26.25;11,55.5;15,20.25;49.25,36.25;51.5,20.5
1322;3.25,3.5;24,57.75;31.5,2.5;32.5,18.75;3.75,40;5.25,31.25;49.25,36.25;51.5,20.5
1343;2.25,3.5;9.25,62.25;20.25,3.25;32.5,18.75;15,18.5;21.25,44;38.5,36.75;51.5,20.5
479;1.25,3.5;2.5,63.75;20.25,3.25;32.5,18.75;2.5,19;3.75,40.5;15.75,44.5;30,12.5
731;8.25,11.25;27.25,65.75;41.25,5.75;41.75,2.25;2.5,19;16.25,31.75;18.5,63.75;30,12.5
465;9.5,19.25;20.25,65.75;41.25,5.75;41.75,2.25;5.5,16.25;11.25,41.5;12.25,44;35.25,6
1581;6.75,16.75;6.75,62.25;41.25,5.75;41.75,2.25;6.5,13;12.25,41.25;12.25,45.75;35.25,6
591;31.75,1.75;33.25,55;36,1.25;41.25,32.25;1.75,43.5;6.5,13;19.75,52.5;35.25,6
1379;36,2.25;40.25,32.75;41.75,33.25;55,60.5;0.75,27.5;13.5,29.25;19.75,52.5;35.25,6
1187;36.25,3;45,32.25;48.5,60.25;49.5,31;0.75,27.5;13.5,29.25;20.25,44;41.5,20
881;31.75,4.25;32,2.5;45.5,28.25;48.5,60.25;0.75,27.5;28.75,29.75;29.75,45.5;32,13.75
428;3.5,9;10.25,18.5;45.5,28.25;50,60;7.5,13.25;17.75,51.5;23.5,17.75;28.75,29.75
421;3.5,9;6.25,36;26.25,53;55.5,60.5;7.5,13.25;18.5,60.5;30.5,31.5;33.5,5.25
195;3.75,23.5;24.25,54.5;25.25,39;29.25,58.75;13,18;18.5,60.5;30.5,31.5;31,13.25
1622;6.25,19.25;17.75,69;19.25,57.75;21,60.75;13.5,17.25;18.5,63.75;30.5,31.5;31,13.25
1110;2.25,19.75;9,67.25;27.75,68.75;31.75,58.25;2,28.25;18,63.75;30.5,31.5;31,13.25
463;2.25,19.75;9,67.25;24.25,57;57.25,60.25;1.75,39.5;9.5,54.25;11.25,42.75;35.25,20
1698;2.25,19.75;9,67.25;27.25,65.75;57.25,60.25;1.75,42;2.75,51.5;5.75,42.25;7.25,26.25
401;6.75,20.25;27.75,60.75;30.25,56.75;35.5,59.75;1.25,15.25;1.75,42;2.75,51.5;11,10
1015;6.5,34.75;11,52.5;21.75,39.5;24.5,70;1.25,15.25;1.75,42;8.75,52.25;12.25,9
1648;7.75,60.25;8,29;13.75,21.5;17.75,68.25;1.25,15.25;1.25,44;3.25,66.75;12.25,9
452;34.25,53.25;41.25,26.25;42.25,39.5;49,60.25;1.25,15.25;4,49;5,55.75;12.25,9
683;24,67.25;25.25,3.25;34,28.5;59.75,60.5;1.25,15.25;2.25,53.75;4,49;22,21.25
453;0.75,69.25;1.75,22.5;31.5,15;58.75,60;1.25,14.75;2.25,53.75;6.75,43.25;22,21.25
1245;0.75,69.25;6.25,35;45,31.75;58.75,60;21.75,25.75;23.75,68.25;43.5,59.75;49.5,45.5
37;0.75,69.25;6.25,35;33.75,60.75;34,67.5;21.75,43.75;43.5,69;45.5,62;50.5,22
1471;8.75,63.25;21,39;33.75,60.75;34,67.5;16,64;36.5,42.25;45,67.25;46,46.5
200;10.75,53.75;14,18.75;16.5,59;19.25,70;9.75,65.75;37,48;45,67.25;46,46.5
1136;4.5,61.75;4.75,17.25;10.75,40.5;19.25,70;19.25,59.25;22.5,57.75;28.25,71.25;46,46.5
1168;3,33.75;4.75,17.25;27.75,65.75;30.25,68;4,34;8,20.25;28.25,71.25;36.5,11.75
14;3.25,19.25;9.25,9.75;28.5,52.25;32.25,53.75;4,34;17,20.5;22,56.5;36.5,11.75
1103;9.25,9.75;11.75,25;28.25,60.75;28.5,52.25;8,69.75;12.25,20.5;25.75,19.5;29.75,40.75
1289;4.25,9.25;10.5,52.5;23.75,57;32.5,65.75;8,69.75;12.25,20.5;25.75,19.5;35.25,65.5
63;8.25,3;8.75,64.75;17.75,70;26.5,60.75;12,62.5;12.25,20.5;25.75,19.5;35.5,60.5
1191;2.75,17.75;10.25,54.25;17.75,27;26.5,65.75;9,59.25;12.25,20.5;25.75,19.5;44.25,65.25
588;1.25,19.75;10,17.5;10.25,54.25;38,60;10.75,69.25;12.25,20.5;22.25,43.75;38.75,68.75
1271;5.25,23.5;40.5,4.75;47.5,30.75;49,60.25;10.75,69.25;22.25,43.75;34.5,13.5;44.25,65.25
2;5.5,29.75;32.75,2.25;47.25,25.25;49,60.25;10.75,69.25;31.5,48.25;33,14.75;46.25,65.75
849;27.75,37;31.5,12.25;36.5,2.25;37.25,32.25;10.75,69.25;23.5,20.5;26.25,1.5;46.25,65.75
1666;6.5,39.5;7.25,3.5;13.75,23;34,1.5;1.75,71.25;10.5,45.75;26.25,1.5;46.25,65.75
343;7.25,33;7.75,10.5;9.75,9.75;31,15.5;1.75,71.25;2.75,39.75;26,5.25;46.25,65.75
817;3.75,25;4.25,24.5;13.25,10.25;36.25,2.5;1.75,71.25;3.75,9.5;18.75,11.5;46.25,65.75
1645;3.75,11.25;8.75,36;14.25,3.25;41.75,29.75;1.75,71.25;3.75,9.5;30.75,3;41,32.75
272;11.25,10.5;14,40.5;14.25,3.25;41.75,29.75;24,47;34.5,12.5;53.5,14.25;53.75,19.25
753;3.75,20.25;4.5,46.75;12.75,29;31.5,2.5;9.75,42;34.75,6.5;53.5,14.25;53.75,19.25
1555;2.75,23;4.25,19.75;4.5,46.75;31.5,2.5;14.5,12;27.75,7.75;28.25,6.5;40.5,11.25
993;2.75,23;4.25,19.75;18,70;47,27.75;33.25,21.5;45,34.5;50.25,21.25;51,19.5
839;3.5,59.75;38.25,25.25;42.25,34.75;43.5,1.5;0.5,30;3.75,29.5;50.25,21.25;51,19.5
137;6.75,63.75;7.25,17.25;13,20;13,23;0.5,30;15.75,49;45.5,48;51,19.5
748;6.5,40;6.75,9.25;7.25,3.5;43.75,5.75;0.5,30;28.25,63.25;41.25,33.25;51,19.5
141;6.25,19.25;6.5,40;13.25,21.25;43.75,5.75;0.75,51.75;13.5,67.25;33.25,6.5;33.75,21
1019;0.25,43.5;3.5,60.25;4.25,9.5;43.75,5.75;0.5,55.25;15.75,50;33.25,6.5;38.75,67.75
755;2.5,59.75;3.75,23;27.5,53.75;37,5.75;0.5,55.25;15.75,50;36.5,66.75;37,14.75
